Timestamp,Posture Status
2025-06-10 10:25:43,Good Posture
2025-06-10 10:25:43,Good Posture
2025-06-10 10:25:43,Bad Posture: Bent Spine (Hunchback)
2025-06-10 10:25:43,Bad Posture: Bent Spine (Hunchback)
2025-06-10 10:25:43,Bad Posture: Bent Spine (Hunchback)
2025-06-10 10:25:43,Bad Posture: Bent Spine (Hunchback)
2025-06-10 10:25:44,Bad Posture: Bent Spine (Hunchback)
2025-06-10 10:25:44,Bad Posture: Bent Spine (Hunchback)
2025-06-10 10:25:44,Bad Posture: Bent Spine (Hunchback)
2025-06-10 10:25:44,Bad Posture: Bent Spine (Hunchback)
2025-06-10 10:25:44,Bad Posture: Bent Spine (Hunchback)
2025-06-10 10:25:44,Bad Posture: Bent Spine (Hunchback)
2025-06-10 10:25:44,Bad Posture: Bent Spine (Hunchback)
2025-06-10 10:25:44,Bad Posture: Bent Spine (Hunchback)
2025-06-10 10:25:44,Bad Posture: Bent Spine (Hunchback)
2025-06-10 10:25:44,Bad Posture: Bent Spine (Hunchback)
2025-06-10 10:25:44,Bad Posture: Bent Spine (Hunchback)
2025-06-10 10:25:44,Bad Posture: Bent Spine (Hunchback)
2025-06-10 10:25:44,Bad Posture: Bent Spine (Hunchback)
2025-06-10 10:25:45,Bad Posture: Bent Spine (Hunchback)
2025-06-10 10:25:45,Bad Posture: Bent Spine (Hunchback)
2025-06-10 10:25:45,Bad Posture: Bent Spine (Hunchback)
2025-06-10 10:25:45,Bad Posture: Bent Spine (Hunchback)
2025-06-10 10:25:45,Bad Posture: Bent Spine (Hunchback)
2025-06-10 10:25:45,Bad Posture: Bent Spine (Hunchback)
2025-06-10 10:25:45,Bad Posture: Bent Spine (Hunchback)
2025-06-10 10:25:45,Bad Posture: Bent Spine (Hunchback)
2025-06-10 10:25:45,Bad Posture: Bent Spine (Hunchback)
2025-06-10 10:25:45,Bad Posture: Bent Spine (Hunchback)
2025-06-10 10:25:45,Bad Posture: Bent Spine (Hunchback)
2025-06-10 10:25:45,Bad Posture: Bent Spine (Hunchback)
2025-06-10 10:25:45,Bad Posture: Bent Spine (Hunchback)
2025-06-10 10:25:46,Bad Posture: Bent Spine (Hunchback)
2025-06-10 10:25:46,Bad Posture: Bent Spine (Hunchback)
2025-06-10 10:25:46,Bad Posture: Bent Spine (Hunchback)
2025-06-10 10:25:46,Bad Posture: Bent Spine (Hunchback)
2025-06-10 10:25:46,Bad Posture: Bent Spine (Hunchback)
2025-06-10 10:25:46,Bad Posture: Bent Spine (Hunchback)
2025-06-10 10:25:46,Bad Posture: Bent Spine (Hunchback)
2025-06-10 10:25:46,Bad Posture: Bent Spine (Hunchback)
2025-06-10 10:25:46,Bad Posture: Bent Spine (Hunchback)
2025-06-10 10:25:46,Bad Posture: Bent Spine (Hunchback)
2025-06-10 10:25:46,Bad Posture: Bent Spine (Hunchback)
2025-06-10 10:25:46,Bad Posture: Bent Spine (Hunchback)
2025-06-10 10:25:46,Bad Posture: Bent Spine (Hunchback)
2025-06-10 10:25:47,Bad Posture: Bent Spine (Hunchback)
2025-06-10 10:25:47,Bad Posture: Bent Spine (Hunchback)
2025-06-10 10:25:47,Bad Posture: Bent Spine (Hunchback)
2025-06-10 10:25:47,Bad Posture: Bent Spine (Hunchback)
2025-06-10 10:25:47,Bad Posture: Bent Spine (Hunchback)
2025-06-10 10:25:47,Bad Posture: Bent Spine (Hunchback)
2025-06-10 10:25:47,Bad Posture: Bent Spine (Hunchback)
2025-06-10 10:25:47,Bad Posture: Bent Spine (Hunchback)
2025-06-10 10:25:47,Bad Posture: Bent Spine (Hunchback)
2025-06-10 10:25:47,Bad Posture: Bent Spine (Hunchback)
2025-06-10 10:25:47,Bad Posture: Bent Spine (Hunchback)
2025-06-10 10:25:47,Bad Posture: Bent Spine (Hunchback)
2025-06-10 10:25:47,Bad Posture: Bent Spine (Hunchback)
2025-06-10 10:25:47,Bad Posture: Bent Spine (Hunchback)
2025-06-10 10:25:48,Bad Posture: Bent Spine (Hunchback)
2025-06-10 10:25:48,Bad Posture: Bent Spine (Hunchback)
2025-06-10 10:25:48,Bad Posture: Bent Spine (Hunchback)
2025-06-10 10:25:48,Bad Posture: Bent Spine (Hunchback)
2025-06-10 10:25:48,Bad Posture: Bent Spine (Hunchback)
2025-06-10 10:25:48,Bad Posture: Bent Spine (Hunchback)
2025-06-10 10:25:48,Bad Posture: Bent Spine (Hunchback)
2025-06-10 10:25:48,Bad Posture: Bent Spine (Hunchback)
2025-06-10 10:25:48,Bad Posture: Bent Spine (Hunchback)
2025-06-10 10:25:48,Bad Posture: Bent Spine (Hunchback)
2025-06-10 10:25:48,Bad Posture: Bent Spine (Hunchback)
2025-06-10 10:25:48,Bad Posture: Bent Spine (Hunchback)
2025-06-10 10:25:48,Bad Posture: Bent Spine (Hunchback)
2025-06-10 10:25:49,Bad Posture: Bent Spine (Hunchback)
2025-06-10 10:25:49,Bad Posture: Bent Spine (Hunchback)
2025-06-10 10:25:49,Bad Posture: Bent Spine (Hunchback)
2025-06-10 10:25:49,Bad Posture: Bent Spine (Hunchback)
2025-06-10 10:25:49,Bad Posture: Bent Spine (Hunchback)
2025-06-10 10:25:49,Bad Posture: Bent Spine (Hunchback)
2025-06-10 10:25:49,Bad Posture: Bent Spine (Hunchback)
2025-06-10 10:25:49,Bad Posture: Bent Spine (Hunchback)
2025-06-10 10:25:49,Bad Posture: Bent Spine (Hunchback)
2025-06-10 10:25:49,Good Posture
2025-06-10 10:25:49,Bad Posture: Bent Spine (Hunchback)
2025-06-10 10:25:49,Good Posture
2025-06-10 10:25:49,Good Posture
2025-06-10 10:25:50,Good Posture
2025-06-10 10:25:50,Good Posture
2025-06-10 10:25:50,Good Posture
2025-06-10 10:25:50,Good Posture
2025-06-10 10:25:50,Good Posture
2025-06-10 10:25:50,Good Posture
2025-06-10 10:25:50,Good Posture
2025-06-10 10:25:50,Bad Posture: Bent Spine (Hunchback)
2025-06-10 10:25:50,Bad Posture: Bent Spine (Hunchback)
2025-06-10 10:25:50,Bad Posture: Bent Spine (Hunchback)
2025-06-10 10:25:50,Bad Posture: Bent Spine (Hunchback)
2025-06-10 10:25:50,Bad Posture: Bent Spine (Hunchback)
2025-06-10 10:25:50,Bad Posture: Bent Spine (Hunchback)
2025-06-10 10:25:51,Bad Posture: Bent Spine (Hunchback)
2025-06-10 10:25:51,Bad Posture: Bent Spine (Hunchback)
2025-06-10 10:25:51,Bad Posture: Bent Spine (Hunchback)
2025-06-10 10:25:51,Bad Posture: Bent Spine (Hunchback)
2025-06-10 10:25:51,Bad Posture: Bent Spine (Hunchback)
2025-06-10 10:25:51,Bad Posture: Bent Spine (Hunchback)
2025-06-10 10:25:51,Bad Posture: Bent Spine (Hunchback)
2025-06-10 10:25:51,Bad Posture: Bent Spine (Hunchback)
2025-06-10 10:25:51,Bad Posture: Bent Spine (Hunchback)
2025-06-10 10:25:51,Bad Posture: Bent Spine (Hunchback)
2025-06-10 10:25:51,Bad Posture: Bent Spine (Hunchback)
2025-06-10 10:25:51,Bad Posture: Bent Spine (Hunchback)
2025-06-10 10:25:52,Bad Posture: Bent Spine (Hunchback)
2025-06-10 10:25:52,Bad Posture: Bent Spine (Hunchback)
2025-06-10 10:25:52,Bad Posture: Bent Spine (Hunchback)
2025-06-10 10:25:52,Bad Posture: Bent Spine (Hunchback)
2025-06-10 10:25:52,Bad Posture: Bent Spine (Hunchback)
2025-06-10 10:25:52,Bad Posture: Bent Spine (Hunchback)
2025-06-10 10:25:52,Bad Posture: Bent Spine (Hunchback)
2025-06-10 10:25:52,Bad Posture: Bent Spine (Hunchback)
2025-06-10 10:25:52,Bad Posture: Bent Spine (Hunchback)
2025-06-10 10:25:52,Good Posture
2025-06-10 10:25:52,Good Posture
2025-06-10 10:25:52,Good Posture
2025-06-10 10:25:52,Good Posture
2025-06-10 10:25:53,Good Posture
2025-06-10 10:25:53,Good Posture
2025-06-10 10:25:53,Bad Posture: Bent Spine (Hunchback)
2025-06-10 10:25:53,Good Posture
2025-06-10 10:25:53,Bad Posture: Bent Spine (Hunchback)
2025-06-10 10:25:53,Bad Posture: Bent Spine (Hunchback)
2025-06-10 10:25:53,Bad Posture: Bent Spine (Hunchback)
2025-06-10 10:25:53,Bad Posture: Bent Spine (Hunchback)
2025-06-10 10:25:53,Bad Posture: Bent Spine (Hunchback)
2025-06-10 10:25:53,Bad Posture: Bent Spine (Hunchback)
2025-06-10 10:25:54,Bad Posture: Bent Spine (Hunchback)
2025-06-10 10:25:54,Bad Posture: Bent Spine (Hunchback)
2025-06-10 10:25:54,Bad Posture: Bent Spine (Hunchback)
2025-06-10 10:25:54,Bad Posture: Bent Spine (Hunchback)
2025-06-10 10:25:54,Bad Posture: Bent Spine (Hunchback)
2025-06-10 10:25:54,Bad Posture: Bent Spine (Hunchback)
2025-06-10 10:25:54,Bad Posture: Bent Spine (Hunchback)
2025-06-10 10:25:54,Bad Posture: Bent Spine (Hunchback)
2025-06-10 10:25:54,Bad Posture: Bent Spine (Hunchback)
2025-06-10 10:25:54,Bad Posture: Bent Spine (Hunchback)
2025-06-10 10:25:55,Bad Posture: Bent Spine (Hunchback)
2025-06-10 10:25:55,Bad Posture: Bent Spine (Hunchback)
2025-06-10 10:25:55,Bad Posture: Bent Spine (Hunchback)
2025-06-10 10:25:55,Bad Posture: Bent Spine (Hunchback)
2025-06-10 10:25:55,Bad Posture: Bent Spine (Hunchback)
2025-06-10 10:25:55,Bad Posture: Bent Spine (Hunchback)
2025-06-10 10:25:55,Bad Posture: Bent Spine (Hunchback)
2025-06-10 10:25:55,Bad Posture: Bent Spine (Hunchback)
2025-06-10 10:25:55,Bad Posture: Bent Spine (Hunchback)
2025-06-10 10:25:55,Bad Posture: Bent Spine (Hunchback)
2025-06-10 10:25:55,Bad Posture: Bent Spine (Hunchback)
2025-06-10 10:25:55,Bad Posture: Bent Spine (Hunchback)
2025-06-10 10:25:56,Bad Posture: Bent Spine (Hunchback)
2025-06-10 10:25:56,Bad Posture: Bent Spine (Hunchback)
2025-06-10 10:25:56,Bad Posture: Bent Spine (Hunchback)
2025-06-10 10:25:56,Bad Posture: Bent Spine (Hunchback)
2025-06-10 10:25:56,Bad Posture: Bent Spine (Hunchback)
2025-06-10 10:25:56,Bad Posture: Bent Spine (Hunchback)
2025-06-10 10:25:56,Bad Posture: Bent Spine (Hunchback)
2025-06-10 10:25:56,Good Posture
2025-06-10 10:25:56,Good Posture
2025-06-10 10:25:56,Good Posture
2025-06-10 10:25:56,Good Posture
2025-06-10 10:25:56,Good Posture
2025-06-10 10:25:56,Good Posture
2025-06-10 10:25:56,Good Posture
2025-06-10 10:25:57,Good Posture
2025-06-10 10:25:57,Good Posture
2025-06-10 10:25:57,Good Posture
2025-06-10 10:25:57,Good Posture
2025-06-10 10:25:57,Good Posture
2025-06-10 10:25:57,Good Posture
2025-06-10 10:25:57,Good Posture
2025-06-10 10:25:57,Good Posture
2025-06-10 10:25:57,Good Posture
2025-06-10 10:25:57,Bad Posture: Bent Spine (Hunchback)
2025-06-10 10:25:57,Good Posture
2025-06-10 10:25:57,Bad Posture: Bent Spine (Hunchback)
2025-06-10 10:25:57,Bad Posture: Bent Spine (Hunchback)
2025-06-10 10:25:58,Bad Posture: Bent Spine (Hunchback)
2025-06-10 10:25:58,Bad Posture: Bent Spine (Hunchback)
2025-06-10 10:25:58,Bad Posture: Bent Spine (Hunchback)
2025-06-10 10:25:58,Bad Posture: Bent Spine (Hunchback)
2025-06-10 10:25:58,Bad Posture: Bent Spine (Hunchback)
2025-06-10 10:25:58,Bad Posture: Bent Spine (Hunchback)
2025-06-10 10:25:58,Bad Posture: Bent Spine (Hunchback)
2025-06-10 10:25:58,Bad Posture: Bent Spine (Hunchback)
2025-06-10 10:25:58,Bad Posture: Bent Spine (Hunchback)
2025-06-10 10:25:58,Bad Posture: Bent Spine (Hunchback)
2025-06-10 10:25:58,Bad Posture: Bent Spine (Hunchback)
2025-06-10 10:25:58,Bad Posture: Bent Spine (Hunchback)
2025-06-10 10:25:58,Bad Posture: Bent Spine (Hunchback)
2025-06-10 10:25:58,Bad Posture: Bent Spine (Hunchback)
2025-06-10 10:25:59,Bad Posture: Bent Spine (Hunchback)
2025-06-10 10:25:59,Bad Posture: Bent Spine (Hunchback)
2025-06-10 10:25:59,Bad Posture: Bent Spine (Hunchback)
2025-06-10 10:25:59,Bad Posture: Bent Spine (Hunchback)
2025-06-10 10:25:59,Bad Posture: Bent Spine (Hunchback)
2025-06-10 10:25:59,Bad Posture: Bent Spine (Hunchback)
2025-06-10 10:25:59,Bad Posture: Bent Spine (Hunchback)
2025-06-10 10:25:59,Bad Posture: Bent Spine (Hunchback)
2025-06-10 10:25:59,Bad Posture: Bent Spine (Hunchback)
2025-06-10 10:25:59,Bad Posture: Bent Spine (Hunchback)
2025-06-10 10:25:59,Bad Posture: Bent Spine (Hunchback)
2025-06-10 10:25:59,Bad Posture: Bent Spine (Hunchback)
2025-06-10 10:25:59,Bad Posture: Bent Spine (Hunchback)
2025-06-10 10:25:59,Bad Posture: Bent Spine (Hunchback)
2025-06-10 10:26:00,Bad Posture: Bent Spine (Hunchback)
2025-06-10 10:26:00,Bad Posture: Bent Spine (Hunchback)
2025-06-10 10:26:00,Bad Posture: Bent Spine (Hunchback)
2025-06-10 10:26:00,Bad Posture: Bent Spine (Hunchback)
2025-06-10 10:26:00,Bad Posture: Bent Spine (Hunchback)
2025-06-10 10:26:00,Bad Posture: Bent Spine (Hunchback)
2025-06-10 10:26:00,Bad Posture: Bent Spine (Hunchback)
2025-06-10 10:26:00,Bad Posture: Bent Spine (Hunchback)
2025-06-10 10:26:00,Bad Posture: Bent Spine (Hunchback)
2025-06-10 10:26:00,Bad Posture: Bent Spine (Hunchback)
2025-06-10 10:26:00,Bad Posture: Bent Spine (Hunchback)
2025-06-10 10:26:00,Bad Posture: Bent Spine (Hunchback)
2025-06-10 10:26:00,Bad Posture: Bent Spine (Hunchback)
2025-06-10 10:26:00,Bad Posture: Bent Spine (Hunchback)
2025-06-10 10:26:01,Bad Posture: Bent Spine (Hunchback)
2025-06-10 10:26:01,Bad Posture: Bent Spine (Hunchback)
2025-06-10 10:26:01,Bad Posture: Bent Spine (Hunchback)
2025-06-10 10:26:01,Bad Posture: Bent Spine (Hunchback)
2025-06-10 10:26:01,Bad Posture: Bent Spine (Hunchback)
2025-06-10 10:26:01,Bad Posture: Bent Spine (Hunchback)
2025-06-10 10:26:01,Bad Posture: Bent Spine (Hunchback)
2025-06-10 10:26:01,Bad Posture: Bent Spine (Hunchback)
2025-06-10 10:26:01,Bad Posture: Bent Spine (Hunchback)
2025-06-10 10:26:01,Bad Posture: Bent Spine (Hunchback)
2025-06-10 10:26:01,Bad Posture: Bent Spine (Hunchback)
2025-06-10 10:26:01,Bad Posture: Bent Spine (Hunchback)
2025-06-10 10:26:01,Bad Posture: Bent Spine (Hunchback)
2025-06-10 10:26:01,Bad Posture: Bent Spine (Hunchback)
2025-06-10 10:26:01,Bad Posture: Bent Spine (Hunchback)
2025-06-10 10:26:02,Bad Posture: Bent Spine (Hunchback)
2025-06-10 10:26:02,Bad Posture: Bent Spine (Hunchback)
2025-06-10 10:26:02,Bad Posture: Bent Spine (Hunchback)
2025-06-10 10:26:02,Bad Posture: Bent Spine (Hunchback)
2025-06-10 10:26:02,Bad Posture: Bent Spine (Hunchback)
2025-06-10 10:26:02,Bad Posture: Bent Spine (Hunchback)
2025-06-10 10:26:02,Bad Posture: Bent Spine (Hunchback)
2025-06-10 10:26:02,Bad Posture: Bent Spine (Hunchback)
2025-06-10 10:26:02,Bad Posture: Bent Spine (Hunchback)
2025-06-10 10:26:02,Bad Posture: Bent Spine (Hunchback)
2025-06-10 10:26:02,Bad Posture: Bent Spine (Hunchback)
2025-06-10 10:26:02,Bad Posture: Bent Spine (Hunchback)
2025-06-10 10:26:02,Bad Posture: Bent Spine (Hunchback)
2025-06-10 10:26:03,Bad Posture: Bent Spine (Hunchback)
2025-06-10 10:26:03,Bad Posture: Bent Spine (Hunchback)
2025-06-10 10:26:03,Bad Posture: Bent Spine (Hunchback)
2025-06-10 10:26:03,Bad Posture: Bent Spine (Hunchback)
2025-06-10 10:26:04,Bad Posture: Bent Spine (Hunchback)
2025-06-10 10:26:04,Bad Posture: Bent Spine (Hunchback)
2025-06-10 10:26:04,Bad Posture: Bent Spine (Hunchback)
2025-06-10 10:26:04,Bad Posture: Bent Spine (Hunchback)
2025-06-10 10:26:04,Bad Posture: Bent Spine (Hunchback)
2025-06-10 10:26:04,Bad Posture: Bent Spine (Hunchback)
2025-06-10 10:26:04,Bad Posture: Bent Spine (Hunchback)
2025-06-10 10:26:04,Bad Posture: Bent Spine (Hunchback)
2025-06-10 10:26:04,Bad Posture: Bent Spine (Hunchback)
2025-06-10 10:26:04,Bad Posture: Bent Spine (Hunchback)
2025-06-10 10:26:04,Bad Posture: Bent Spine (Hunchback)
2025-06-10 10:26:04,Good Posture
2025-06-10 10:26:04,Good Posture
2025-06-10 10:26:05,Good Posture
2025-06-10 10:26:05,Good Posture
2025-06-10 10:26:05,Good Posture
2025-06-10 10:26:05,Good Posture
2025-06-10 10:26:05,Good Posture
2025-06-10 10:26:05,Good Posture
2025-06-10 10:26:05,Good Posture
2025-06-10 10:26:05,Good Posture
2025-06-10 10:26:05,Good Posture
2025-06-10 10:26:05,Good Posture
2025-06-10 10:26:05,Good Posture
2025-06-10 10:26:05,Good Posture
2025-06-10 10:26:05,Good Posture
2025-06-10 10:26:05,Bad Posture: Bent Spine (Hunchback)
2025-06-10 10:26:05,Bad Posture: Bent Spine (Hunchback)
2025-06-10 10:26:06,Bad Posture: Bent Spine (Hunchback)
2025-06-10 10:26:06,Bad Posture: Bent Spine (Hunchback)
2025-06-10 10:26:06,Bad Posture: Bent Spine (Hunchback)
2025-06-10 10:26:06,Bad Posture: Bent Spine (Hunchback)
2025-06-10 10:26:06,Bad Posture: Bent Spine (Hunchback)
2025-06-10 10:26:06,Bad Posture: Bent Spine (Hunchback)
2025-06-10 10:26:06,Bad Posture: Bent Spine (Hunchback)
2025-06-10 10:26:06,Bad Posture: Bent Spine (Hunchback)
2025-06-10 10:26:06,Bad Posture: Bent Spine (Hunchback)
2025-06-10 10:26:06,Bad Posture: Bent Spine (Hunchback)
2025-06-10 10:26:06,Bad Posture: Bent Spine (Hunchback)
2025-06-10 10:26:06,Bad Posture: Bent Spine (Hunchback)
2025-06-10 10:26:06,Bad Posture: Bent Spine (Hunchback)
2025-06-10 10:26:07,Bad Posture: Bent Spine (Hunchback)
2025-06-10 10:26:07,Bad Posture: Bent Spine (Hunchback)
2025-06-10 10:26:07,Bad Posture: Bent Spine (Hunchback)
2025-06-10 10:26:07,Bad Posture: Bent Spine (Hunchback)
2025-06-10 10:26:07,Bad Posture: Bent Spine (Hunchback)
2025-06-10 10:26:07,Bad Posture: Bent Spine (Hunchback)
2025-06-10 10:26:07,Bad Posture: Bent Spine (Hunchback)
2025-06-10 10:26:07,Bad Posture: Bent Spine (Hunchback)
2025-06-10 10:26:07,Bad Posture: Bent Spine (Hunchback)
2025-06-10 10:26:07,Bad Posture: Bent Spine (Hunchback)
2025-06-10 10:26:07,Bad Posture: Bent Spine (Hunchback)
2025-06-10 10:26:07,Bad Posture: Bent Spine (Hunchback)
2025-06-10 10:26:07,Bad Posture: Bent Spine (Hunchback)
2025-06-10 10:26:07,Bad Posture: Bent Spine (Hunchback)
2025-06-10 10:26:08,Bad Posture: Bent Spine (Hunchback)
2025-06-10 10:26:08,Bad Posture: Bent Spine (Hunchback)
2025-06-10 10:26:08,Bad Posture: Bent Spine (Hunchback)
2025-06-10 10:26:08,Bad Posture: Bent Spine (Hunchback)
2025-06-10 10:26:08,Bad Posture: Bent Spine (Hunchback)
2025-06-10 10:26:08,Bad Posture: Bent Spine (Hunchback)
2025-06-10 10:26:08,Bad Posture: Bent Spine (Hunchback)
2025-06-10 10:26:08,Bad Posture: Bent Spine (Hunchback)
2025-06-10 10:26:08,Bad Posture: Bent Spine (Hunchback)
2025-06-10 10:26:08,Bad Posture: Bent Spine (Hunchback)
2025-06-10 10:26:08,Bad Posture: Bent Spine (Hunchback)
2025-06-10 10:26:08,Bad Posture: Bent Spine (Hunchback)
2025-06-10 10:26:08,Bad Posture: Bent Spine (Hunchback)
2025-06-10 10:26:09,Bad Posture: Bent Spine (Hunchback)
2025-06-10 10:26:09,Bad Posture: Bent Spine (Hunchback)
2025-06-10 10:26:09,Bad Posture: Bent Spine (Hunchback)
2025-06-10 10:26:09,Bad Posture: Bent Spine (Hunchback)
2025-06-10 10:26:09,Bad Posture: Bent Spine (Hunchback)
2025-06-10 10:26:09,Bad Posture: Bent Spine (Hunchback)
2025-06-10 10:26:09,Bad Posture: Bent Spine (Hunchback)
2025-06-10 10:26:09,Bad Posture: Bent Spine (Hunchback)
2025-06-10 10:26:09,Bad Posture: Bent Spine (Hunchback)
2025-06-10 10:26:09,Bad Posture: Bent Spine (Hunchback)
2025-06-10 10:26:09,Bad Posture: Bent Spine (Hunchback)
2025-06-10 10:26:09,Bad Posture: Bent Spine (Hunchback)
2025-06-10 10:26:09,Bad Posture: Bent Spine (Hunchback)
2025-06-10 10:26:09,Bad Posture: Bent Spine (Hunchback)
2025-06-10 10:26:10,Bad Posture: Bent Spine (Hunchback)
2025-06-10 10:26:10,Bad Posture: Bent Spine (Hunchback)
2025-06-10 10:26:10,Bad Posture: Bent Spine (Hunchback)
2025-06-10 10:26:10,Bad Posture: Bent Spine (Hunchback)
2025-06-10 10:26:10,Bad Posture: Bent Spine (Hunchback)
2025-06-10 10:26:10,Bad Posture: Bent Spine (Hunchback)
2025-06-10 10:26:10,Bad Posture: Bent Spine (Hunchback)
2025-06-10 10:26:10,Bad Posture: Bent Spine (Hunchback)
2025-06-10 10:26:10,Bad Posture: Bent Spine (Hunchback)
2025-06-10 10:26:10,Bad Posture: Bent Spine (Hunchback)
2025-06-10 10:26:10,Bad Posture: Bent Spine (Hunchback)
2025-06-10 10:26:10,Bad Posture: Bent Spine (Hunchback)
2025-06-10 10:26:10,Bad Posture: Bent Spine (Hunchback)
2025-06-10 10:26:10,Bad Posture: Bent Spine (Hunchback)
2025-06-10 10:26:10,Bad Posture: Bent Spine (Hunchback)
2025-06-10 10:26:11,Bad Posture: Bent Spine (Hunchback)
2025-06-10 10:26:11,Bad Posture: Bent Spine (Hunchback)
2025-06-10 10:26:11,Bad Posture: Bent Spine (Hunchback)
2025-06-10 10:26:11,Bad Posture: Bent Spine (Hunchback)
2025-06-10 10:26:11,Bad Posture: Bent Spine (Hunchback)
2025-06-10 10:26:11,Good Posture
2025-06-10 10:26:11,Good Posture
2025-06-10 10:26:11,Good Posture
2025-06-10 10:26:11,Good Posture
2025-06-10 10:26:11,Good Posture
2025-06-10 10:26:11,Good Posture
2025-06-10 10:26:11,Good Posture
2025-06-10 10:26:11,Good Posture
2025-06-10 10:26:12,Good Posture
2025-06-10 10:26:12,Good Posture
2025-06-10 10:26:12,Bad Posture: Bent Spine (Hunchback)
2025-06-10 10:26:12,Bad Posture: Bent Spine (Hunchback)
2025-06-10 10:26:12,Bad Posture: Bent Spine (Hunchback)
2025-06-10 10:26:12,Bad Posture: Bent Spine (Hunchback)
2025-06-10 10:26:12,Bad Posture: Bent Spine (Hunchback)
2025-06-10 10:26:12,Bad Posture: Bent Spine (Hunchback)
2025-06-10 10:26:12,Bad Posture: Bent Spine (Hunchback)
2025-06-10 10:26:12,Bad Posture: Bent Spine (Hunchback)
2025-06-10 10:26:12,Bad Posture: Bent Spine (Hunchback)
2025-06-10 10:26:12,Bad Posture: Bent Spine (Hunchback)
2025-06-10 10:26:12,Bad Posture: Bent Spine (Hunchback)
2025-06-10 10:26:12,Bad Posture: Bent Spine (Hunchback)
2025-06-10 10:26:13,Bad Posture: Bent Spine (Hunchback)
2025-06-10 10:26:13,Bad Posture: Bent Spine (Hunchback)
2025-06-10 10:26:13,Bad Posture: Bent Spine (Hunchback)
2025-06-10 10:26:13,Bad Posture: Bent Spine (Hunchback)
2025-06-10 10:26:13,Bad Posture: Bent Spine (Hunchback)
2025-06-10 10:26:13,Bad Posture: Bent Spine (Hunchback)
2025-06-10 10:26:13,Bad Posture: Bent Spine (Hunchback)
2025-06-10 10:26:13,Bad Posture: Bent Spine (Hunchback)
2025-06-10 10:26:13,Bad Posture: Bent Spine (Hunchback)
2025-06-10 10:26:13,Bad Posture: Bent Spine (Hunchback)
2025-06-10 10:26:13,Bad Posture: Bent Spine (Hunchback)
2025-06-10 10:26:13,Bad Posture: Bent Spine (Hunchback)
2025-06-10 10:26:13,Bad Posture: Bent Spine (Hunchback)
2025-06-10 10:26:13,Bad Posture: Bent Spine (Hunchback)
2025-06-10 10:26:14,Bad Posture: Bent Spine (Hunchback)
2025-06-10 10:26:14,Bad Posture: Bent Spine (Hunchback)
2025-06-10 10:26:14,Bad Posture: Bent Spine (Hunchback)
2025-06-10 10:26:14,Bad Posture: Bent Spine (Hunchback)
2025-06-10 10:26:14,Bad Posture: Bent Spine (Hunchback)
2025-06-10 10:26:14,Bad Posture: Bent Spine (Hunchback)
2025-06-10 10:26:14,Bad Posture: Bent Spine (Hunchback)
2025-06-10 10:26:14,Bad Posture: Bent Spine (Hunchback)
2025-06-10 10:26:14,Bad Posture: Bent Spine (Hunchback)
2025-06-10 10:26:14,Bad Posture: Bent Spine (Hunchback)
2025-06-10 10:26:14,Good Posture
2025-06-10 10:26:14,Bad Posture: Bent Spine (Hunchback)
2025-06-10 10:26:14,Good Posture
2025-06-10 10:26:14,Bad Posture: Slouching Sideways
2025-06-10 10:26:15,Bad Posture: Slouching Sideways
2025-06-10 10:26:15,Bad Posture: Slouching Sideways
2025-06-10 10:26:15,Bad Posture: Slouching Sideways
2025-06-10 10:26:15,Bad Posture: Slouching Sideways
2025-06-10 10:26:15,Bad Posture: Slouching Sideways
2025-06-10 10:26:15,Bad Posture: Slouching Sideways
2025-06-10 10:26:15,Bad Posture: Slouching Sideways
2025-06-10 10:26:15,Bad Posture: Slouching Sideways
2025-06-10 10:26:15,Bad Posture: Slouching Sideways
2025-06-10 10:26:15,Bad Posture: Slouching Sideways
2025-06-10 10:26:15,Bad Posture: Slouching Sideways
2025-06-10 10:26:15,Bad Posture: Slouching Sideways
2025-06-10 10:26:15,Good Posture
2025-06-10 10:26:15,Good Posture
2025-06-10 10:26:16,Good Posture
2025-06-10 10:26:16,Good Posture
2025-06-10 10:26:16,Good Posture
2025-06-10 10:26:16,Good Posture
2025-06-10 10:26:16,Good Posture
2025-06-10 10:26:16,Good Posture
2025-06-10 10:26:16,Good Posture
2025-06-10 10:26:16,Bad Posture: Bent Spine (Hunchback)
2025-06-10 10:26:16,Bad Posture: Bent Spine (Hunchback)
2025-06-10 10:26:16,Bad Posture: Bent Spine (Hunchback)
2025-06-10 10:26:16,Bad Posture: Bent Spine (Hunchback)
2025-06-10 10:26:16,Bad Posture: Bent Spine (Hunchback)
2025-06-10 10:26:16,Bad Posture: Bent Spine (Hunchback)
2025-06-10 10:26:16,Bad Posture: Bent Spine (Hunchback)
2025-06-10 10:26:17,Bad Posture: Bent Spine (Hunchback)
2025-06-10 10:26:17,Bad Posture: Bent Spine (Hunchback)
2025-06-10 10:26:17,Bad Posture: Bent Spine (Hunchback)
2025-06-10 10:26:17,Bad Posture: Bent Spine (Hunchback)
2025-06-10 10:26:17,Bad Posture: Bent Spine (Hunchback)
2025-06-10 10:26:17,Bad Posture: Bent Spine (Hunchback)
2025-06-10 10:26:17,Bad Posture: Bent Spine (Hunchback)
2025-06-10 10:26:17,Bad Posture: Bent Spine (Hunchback)
2025-06-10 10:26:17,Bad Posture: Bent Spine (Hunchback)
2025-06-10 10:26:17,Bad Posture: Bent Spine (Hunchback)
2025-06-10 10:26:17,Bad Posture: Bent Spine (Hunchback)
2025-06-10 10:26:17,Bad Posture: Bent Spine (Hunchback)
2025-06-10 10:26:17,Bad Posture: Bent Spine (Hunchback)
2025-06-10 10:26:17,Bad Posture: Bent Spine (Hunchback)
2025-06-10 10:26:17,Bad Posture: Bent Spine (Hunchback)
2025-06-10 10:26:18,Bad Posture: Bent Spine (Hunchback)
2025-06-10 10:26:18,Bad Posture: Bent Spine (Hunchback)
2025-06-10 10:26:18,Bad Posture: Bent Spine (Hunchback)
2025-06-10 10:26:18,Bad Posture: Bent Spine (Hunchback)
2025-06-10 10:26:18,Bad Posture: Bent Spine (Hunchback)
2025-06-10 10:26:18,Bad Posture: Bent Spine (Hunchback)
2025-06-10 10:26:18,Good Posture
2025-06-10 10:26:18,Good Posture
2025-06-10 10:26:18,Good Posture
2025-06-10 10:26:18,Good Posture
2025-06-10 10:26:18,Bad Posture: Bent Spine (Hunchback)
2025-06-10 10:26:18,Bad Posture: Bent Spine (Hunchback)
2025-06-10 10:26:18,Good Posture
2025-06-10 10:26:18,Good Posture
2025-06-10 10:26:18,Good Posture
2025-06-10 10:26:19,Good Posture
2025-06-10 10:26:19,Bad Posture: Bent Spine (Hunchback)
2025-06-10 10:26:19,Bad Posture: Bent Spine (Hunchback)
2025-06-10 10:26:19,Bad Posture: Bent Spine (Hunchback)
2025-06-10 10:26:19,Bad Posture: Bent Spine (Hunchback)
2025-06-10 10:26:19,Bad Posture: Bent Spine (Hunchback)
2025-06-10 10:26:19,Bad Posture: Bent Spine (Hunchback)
2025-06-10 10:26:19,Bad Posture: Bent Spine (Hunchback)
2025-06-10 10:26:19,Bad Posture: Bent Spine (Hunchback)
2025-06-10 10:26:19,Bad Posture: Bent Spine (Hunchback)
2025-06-10 10:26:19,Bad Posture: Bent Spine (Hunchback)
2025-06-10 10:26:19,Bad Posture: Bent Spine (Hunchback)
2025-06-10 10:26:19,Bad Posture: Bent Spine (Hunchback)
2025-06-10 10:26:20,Bad Posture: Bent Spine (Hunchback)
2025-06-10 10:26:20,Bad Posture: Bent Spine (Hunchback)
2025-06-10 10:26:20,Bad Posture: Bent Spine (Hunchback)
2025-06-10 10:26:20,Bad Posture: Bent Spine (Hunchback)
2025-06-10 10:26:20,Bad Posture: Bent Spine (Hunchback)
2025-06-10 10:26:20,Good Posture
2025-06-10 10:26:20,Good Posture
2025-06-10 10:26:20,Good Posture
2025-06-10 10:26:20,Good Posture
2025-06-10 10:26:20,Bad Posture: Bent Spine (Hunchback)
2025-06-10 10:26:20,Bad Posture: Bent Spine (Hunchback)
2025-06-10 10:26:20,Bad Posture: Bent Spine (Hunchback)
2025-06-10 10:26:20,Bad Posture: Bent Spine (Hunchback)
2025-06-10 10:26:20,Bad Posture: Bent Spine (Hunchback)
2025-06-10 10:26:20,Bad Posture: Bent Spine (Hunchback)
2025-06-10 10:26:20,Bad Posture: Bent Spine (Hunchback)
2025-06-10 10:26:21,Bad Posture: Bent Spine (Hunchback)
2025-06-10 10:26:21,Bad Posture: Bent Spine (Hunchback)
2025-06-10 10:26:21,Bad Posture: Bent Spine (Hunchback)
2025-06-10 10:26:21,Bad Posture: Bent Spine (Hunchback)
2025-06-10 10:26:21,Bad Posture: Bent Spine (Hunchback)
2025-06-10 10:26:21,Bad Posture: Bent Spine (Hunchback)
2025-06-10 10:26:21,Bad Posture: Bent Spine (Hunchback)
2025-06-10 10:26:21,Bad Posture: Bent Spine (Hunchback)
2025-06-10 10:26:21,Bad Posture: Bent Spine (Hunchback)
2025-06-10 10:26:21,Bad Posture: Bent Spine (Hunchback)
2025-06-10 10:26:21,Bad Posture: Bent Spine (Hunchback)
2025-06-10 10:26:21,Bad Posture: Bent Spine (Hunchback)
2025-06-10 10:26:21,Bad Posture: Bent Spine (Hunchback)
2025-06-10 10:26:21,Bad Posture: Bent Spine (Hunchback)
2025-06-10 10:26:22,Bad Posture: Bent Spine (Hunchback)
2025-06-10 10:26:22,Bad Posture: Bent Spine (Hunchback)
2025-06-10 10:26:22,Bad Posture: Bent Spine (Hunchback)
2025-06-10 10:26:22,Bad Posture: Bent Spine (Hunchback)
2025-06-10 10:26:22,Bad Posture: Bent Spine (Hunchback)
2025-06-10 10:26:22,Bad Posture: Bent Spine (Hunchback)
2025-06-10 10:26:22,Bad Posture: Bent Spine (Hunchback)
2025-06-10 10:26:22,Bad Posture: Bent Spine (Hunchback)
2025-06-10 10:26:22,Bad Posture: Bent Spine (Hunchback)
2025-06-10 10:26:22,Bad Posture: Bent Spine (Hunchback)
2025-06-10 10:26:22,Bad Posture: Bent Spine (Hunchback)
2025-06-10 10:26:22,Bad Posture: Bent Spine (Hunchback)
2025-06-10 10:26:22,Bad Posture: Bent Spine (Hunchback)
2025-06-10 10:26:23,Bad Posture: Bent Spine (Hunchback)
2025-06-10 10:26:23,Bad Posture: Bent Spine (Hunchback)
2025-06-10 10:26:23,Bad Posture: Bent Spine (Hunchback)
2025-06-10 10:26:23,Bad Posture: Bent Spine (Hunchback)
2025-06-10 10:26:23,Bad Posture: Bent Spine (Hunchback)
2025-06-10 10:26:23,Bad Posture: Bent Spine (Hunchback)
2025-06-10 10:26:23,Bad Posture: Bent Spine (Hunchback)
2025-06-10 10:26:23,Bad Posture: Bent Spine (Hunchback)
2025-06-10 10:26:23,Bad Posture: Bent Spine (Hunchback)
2025-06-10 10:26:23,Bad Posture: Bent Spine (Hunchback)
2025-06-10 10:26:23,Bad Posture: Bent Spine (Hunchback)
2025-06-10 10:26:23,Bad Posture: Bent Spine (Hunchback)
2025-06-10 10:26:23,Bad Posture: Bent Spine (Hunchback)
2025-06-10 10:26:23,Bad Posture: Bent Spine (Hunchback)
2025-06-10 10:26:23,Bad Posture: Bent Spine (Hunchback)
2025-06-10 10:26:24,Good Posture
2025-06-10 10:26:24,Good Posture
2025-06-10 10:26:24,Good Posture
2025-06-10 10:26:24,Good Posture
2025-06-10 10:26:24,Good Posture
2025-06-10 10:26:24,Good Posture
2025-06-10 10:26:24,Good Posture
2025-06-10 10:26:24,Good Posture
2025-06-10 10:26:24,Good Posture
2025-06-10 10:26:24,Good Posture
2025-06-10 10:26:24,Good Posture
2025-06-10 10:26:24,Good Posture
2025-06-10 10:26:24,Good Posture
2025-06-10 10:26:24,Good Posture
2025-06-10 10:26:25,Good Posture
2025-06-10 10:26:25,Good Posture
2025-06-10 10:26:25,Good Posture
2025-06-10 10:26:25,Good Posture
2025-06-10 10:26:25,Good Posture
2025-06-10 10:26:25,Good Posture
2025-06-10 10:26:25,Good Posture
2025-06-10 10:26:25,Good Posture
2025-06-10 10:26:25,Good Posture
2025-06-10 10:26:25,Good Posture
2025-06-10 10:26:25,Good Posture
2025-06-10 10:26:25,Good Posture
2025-06-10 10:26:25,Bad Posture: Bent Spine (Hunchback)
2025-06-10 10:26:25,Bad Posture: Bent Spine (Hunchback)
2025-06-10 10:26:26,Bad Posture: Bent Spine (Hunchback)
2025-06-10 10:26:26,Bad Posture: Bent Spine (Hunchback)
2025-06-10 10:26:26,Bad Posture: Bent Spine (Hunchback)
2025-06-10 10:26:26,Bad Posture: Bent Spine (Hunchback)
2025-06-10 10:26:26,Bad Posture: Bent Spine (Hunchback)
2025-06-10 10:26:26,Bad Posture: Bent Spine (Hunchback)
2025-06-10 10:26:26,Bad Posture: Bent Spine (Hunchback)
2025-06-10 10:26:26,Bad Posture: Bent Spine (Hunchback)
2025-06-10 10:26:26,Bad Posture: Bent Spine (Hunchback)
2025-06-10 10:26:26,Bad Posture: Bent Spine (Hunchback)
2025-06-10 10:26:26,Bad Posture: Bent Spine (Hunchback)
2025-06-10 10:26:26,Bad Posture: Bent Spine (Hunchback)
2025-06-10 10:26:26,Bad Posture: Bent Spine (Hunchback)
2025-06-10 10:26:26,Bad Posture: Bent Spine (Hunchback)
2025-06-10 10:26:27,Bad Posture: Bent Spine (Hunchback)
2025-06-10 10:26:27,Bad Posture: Bent Spine (Hunchback)
2025-06-10 10:26:27,Bad Posture: Bent Spine (Hunchback)
2025-06-10 10:26:27,Bad Posture: Bent Spine (Hunchback)
2025-06-10 10:26:27,Bad Posture: Bent Spine (Hunchback)
2025-06-10 10:26:27,Bad Posture: Bent Spine (Hunchback)
2025-06-10 10:26:27,Good Posture
2025-06-10 10:26:27,Bad Posture: Bent Spine (Hunchback)
2025-06-10 10:26:27,Bad Posture: Bent Spine (Hunchback)
2025-06-10 10:26:27,Bad Posture: Bent Spine (Hunchback)
2025-06-10 10:26:27,Bad Posture: Bent Spine (Hunchback)
2025-06-10 10:26:27,Bad Posture: Bent Spine (Hunchback)
2025-06-10 10:26:27,Bad Posture: Bent Spine (Hunchback)
2025-06-10 10:26:27,Bad Posture: Bent Spine (Hunchback)
2025-06-10 10:26:28,Bad Posture: Bent Spine (Hunchback)
2025-06-10 10:26:28,Bad Posture: Bent Spine (Hunchback)
2025-06-10 10:26:28,Bad Posture: Bent Spine (Hunchback)
2025-06-10 10:26:28,Good Posture
2025-06-10 10:26:28,Good Posture
2025-06-10 10:26:28,Good Posture
2025-06-10 10:26:28,Good Posture
2025-06-10 10:26:28,Good Posture
2025-06-10 10:26:28,Bad Posture: Bent Spine (Hunchback)
2025-06-10 10:26:28,Bad Posture: Bent Spine (Hunchback)
2025-06-10 10:26:28,Bad Posture: Bent Spine (Hunchback)
2025-06-10 10:26:28,Bad Posture: Bent Spine (Hunchback)
2025-06-10 10:26:28,Bad Posture: Bent Spine (Hunchback)
2025-06-10 10:26:29,Bad Posture: Bent Spine (Hunchback)
2025-06-10 10:26:29,Bad Posture: Bent Spine (Hunchback)
2025-06-10 10:26:29,Bad Posture: Bent Spine (Hunchback)
2025-06-10 10:26:29,Bad Posture: Bent Spine (Hunchback)
2025-06-10 10:26:29,Bad Posture: Bent Spine (Hunchback)
2025-06-10 10:26:29,Bad Posture: Bent Spine (Hunchback)
2025-06-10 10:26:29,Bad Posture: Bent Spine (Hunchback)
2025-06-10 10:26:29,Bad Posture: Bent Spine (Hunchback)
2025-06-10 10:26:29,Bad Posture: Bent Spine (Hunchback)
2025-06-10 10:26:29,Bad Posture: Bent Spine (Hunchback)
2025-06-10 10:26:29,Bad Posture: Bent Spine (Hunchback)
2025-06-10 10:26:29,Bad Posture: Bent Spine (Hunchback)
2025-06-10 10:26:29,Bad Posture: Bent Spine (Hunchback)
2025-06-10 10:26:29,Bad Posture: Bent Spine (Hunchback)
2025-06-10 10:26:29,Bad Posture: Bent Spine (Hunchback)
2025-06-10 10:26:30,Bad Posture: Bent Spine (Hunchback)
2025-06-10 10:26:30,Bad Posture: Bent Spine (Hunchback)
2025-06-10 10:26:30,Bad Posture: Bent Spine (Hunchback)
2025-06-10 10:26:30,Bad Posture: Bent Spine (Hunchback)
2025-06-10 10:26:30,Bad Posture: Bent Spine (Hunchback)
2025-06-10 10:26:30,Bad Posture: Bent Spine (Hunchback)
2025-06-10 10:26:30,Bad Posture: Bent Spine (Hunchback)
2025-06-10 10:26:30,Bad Posture: Bent Spine (Hunchback)
2025-06-10 10:26:30,Bad Posture: Bent Spine (Hunchback)
2025-06-10 10:26:30,Bad Posture: Bent Spine (Hunchback)
2025-06-10 10:26:30,Bad Posture: Bent Spine (Hunchback)
2025-06-10 10:26:30,Bad Posture: Bent Spine (Hunchback)
2025-06-10 10:26:30,Bad Posture: Bent Spine (Hunchback)
2025-06-10 10:26:31,Bad Posture: Bent Spine (Hunchback)
2025-06-10 10:26:31,Bad Posture: Bent Spine (Hunchback)
2025-06-10 10:26:31,Bad Posture: Bent Spine (Hunchback)
2025-06-10 10:26:31,Bad Posture: Bent Spine (Hunchback)
2025-06-10 10:26:31,Bad Posture: Bent Spine (Hunchback)
2025-06-10 10:26:31,Bad Posture: Bent Spine (Hunchback)
2025-06-10 10:26:31,Bad Posture: Bent Spine (Hunchback)
2025-06-10 10:26:31,Bad Posture: Bent Spine (Hunchback)
2025-06-10 10:26:31,Bad Posture: Bent Spine (Hunchback)
2025-06-10 10:26:31,Bad Posture: Bent Spine (Hunchback)
2025-06-10 10:26:31,Bad Posture: Bent Spine (Hunchback)
2025-06-10 10:26:31,Bad Posture: Bent Spine (Hunchback)
2025-06-10 10:26:31,Bad Posture: Bent Spine (Hunchback)
2025-06-10 10:26:31,Bad Posture: Bent Spine (Hunchback)
2025-06-10 10:26:32,Bad Posture: Bent Spine (Hunchback)
2025-06-10 10:26:32,Bad Posture: Bent Spine (Hunchback)
2025-06-10 10:26:32,Bad Posture: Bent Spine (Hunchback)
2025-06-10 10:26:32,Bad Posture: Bent Spine (Hunchback)
2025-06-10 10:26:32,Bad Posture: Bent Spine (Hunchback)
2025-06-10 10:26:32,Bad Posture: Bent Spine (Hunchback)
2025-06-10 10:26:32,Bad Posture: Bent Spine (Hunchback)
2025-06-10 10:26:32,Bad Posture: Bent Spine (Hunchback)
2025-06-10 10:26:32,Bad Posture: Bent Spine (Hunchback)
2025-06-10 10:26:32,Bad Posture: Bent Spine (Hunchback)
2025-06-10 10:26:32,Bad Posture: Bent Spine (Hunchback)
2025-06-10 10:26:32,Bad Posture: Bent Spine (Hunchback)
2025-06-10 10:26:32,Bad Posture: Bent Spine (Hunchback)
2025-06-10 10:26:33,Bad Posture: Bent Spine (Hunchback)
2025-06-10 10:26:33,Bad Posture: Bent Spine (Hunchback)
2025-06-10 10:26:33,Bad Posture: Bent Spine (Hunchback)
2025-06-10 10:26:33,Bad Posture: Bent Spine (Hunchback)
2025-06-10 10:26:33,Bad Posture: Bent Spine (Hunchback)
2025-06-10 10:26:33,Bad Posture: Bent Spine (Hunchback)
2025-06-10 10:26:33,Bad Posture: Bent Spine (Hunchback)
2025-06-10 10:26:33,Bad Posture: Bent Spine (Hunchback)
2025-06-10 10:26:33,Bad Posture: Bent Spine (Hunchback)
2025-06-10 10:26:33,Bad Posture: Bent Spine (Hunchback)
2025-06-10 10:26:33,Bad Posture: Bent Spine (Hunchback)
2025-06-10 10:26:33,Bad Posture: Bent Spine (Hunchback)
2025-06-10 10:26:33,Bad Posture: Bent Spine (Hunchback)
2025-06-10 10:26:33,Bad Posture: Bent Spine (Hunchback)
2025-06-10 10:26:34,Bad Posture: Bent Spine (Hunchback)
2025-06-10 10:26:34,Bad Posture: Bent Spine (Hunchback)
2025-06-10 10:26:34,Bad Posture: Bent Spine (Hunchback)
2025-06-10 10:26:34,Bad Posture: Bent Spine (Hunchback)
2025-06-10 10:26:34,Bad Posture: Bent Spine (Hunchback)
2025-06-10 10:26:34,Bad Posture: Bent Spine (Hunchback)
2025-06-10 10:26:34,Bad Posture: Bent Spine (Hunchback)
2025-06-10 10:26:34,Bad Posture: Bent Spine (Hunchback)
2025-06-10 10:26:34,Bad Posture: Bent Spine (Hunchback)
2025-06-10 10:26:34,Bad Posture: Bent Spine (Hunchback)
2025-06-10 10:26:34,Bad Posture: Bent Spine (Hunchback)
2025-06-10 10:26:34,Bad Posture: Bent Spine (Hunchback)
2025-06-10 10:26:34,Bad Posture: Bent Spine (Hunchback)
2025-06-10 10:26:35,Bad Posture: Bent Spine (Hunchback)
2025-06-10 10:26:35,Bad Posture: Bent Spine (Hunchback)
2025-06-10 10:26:35,Bad Posture: Bent Spine (Hunchback)
2025-06-10 10:26:35,Bad Posture: Bent Spine (Hunchback)
2025-06-10 10:26:35,Bad Posture: Bent Spine (Hunchback)
2025-06-10 10:26:35,Bad Posture: Bent Spine (Hunchback)
2025-06-10 10:26:35,Bad Posture: Bent Spine (Hunchback)
2025-06-10 10:26:35,Bad Posture: Bent Spine (Hunchback)
2025-06-10 10:26:35,Bad Posture: Bent Spine (Hunchback)
2025-06-10 10:26:35,Bad Posture: Bent Spine (Hunchback)
2025-06-10 10:26:35,Bad Posture: Bent Spine (Hunchback)
2025-06-10 10:26:35,Bad Posture: Bent Spine (Hunchback)
2025-06-10 10:26:35,Bad Posture: Bent Spine (Hunchback)
2025-06-10 10:26:35,Bad Posture: Bent Spine (Hunchback)
2025-06-10 10:26:36,Bad Posture: Bent Spine (Hunchback)
2025-06-10 10:26:36,Bad Posture: Bent Spine (Hunchback)
2025-06-10 10:26:36,Bad Posture: Bent Spine (Hunchback)
2025-06-10 10:26:36,Bad Posture: Bent Spine (Hunchback)
2025-06-10 10:26:36,Bad Posture: Bent Spine (Hunchback)
2025-06-10 10:26:36,Bad Posture: Bent Spine (Hunchback)
2025-06-10 10:26:36,Bad Posture: Bent Spine (Hunchback)
2025-06-10 10:26:36,Bad Posture: Bent Spine (Hunchback)
2025-06-10 10:26:36,Bad Posture: Bent Spine (Hunchback)
2025-06-10 10:26:36,Bad Posture: Bent Spine (Hunchback)
2025-06-10 10:26:36,Bad Posture: Bent Spine (Hunchback)
2025-06-10 10:26:36,Bad Posture: Bent Spine (Hunchback)
2025-06-10 10:26:36,Bad Posture: Bent Spine (Hunchback)
2025-06-10 10:26:36,Bad Posture: Bent Spine (Hunchback)
2025-06-10 10:26:37,Bad Posture: Bent Spine (Hunchback)
2025-06-10 10:26:37,Bad Posture: Bent Spine (Hunchback)
2025-06-10 10:26:37,Bad Posture: Bent Spine (Hunchback)
2025-06-10 10:26:37,Bad Posture: Bent Spine (Hunchback)
2025-06-10 10:26:37,Bad Posture: Bent Spine (Hunchback)
2025-06-10 10:26:37,Bad Posture: Bent Spine (Hunchback)
2025-06-10 10:26:37,Bad Posture: Bent Spine (Hunchback)
2025-06-10 10:26:37,Bad Posture: Bent Spine (Hunchback)
2025-06-10 10:26:37,Bad Posture: Bent Spine (Hunchback)
2025-06-10 10:26:37,Bad Posture: Bent Spine (Hunchback)
2025-06-10 10:26:37,Bad Posture: Bent Spine (Hunchback)
2025-06-10 10:26:37,Bad Posture: Bent Spine (Hunchback)
2025-06-10 10:26:37,Bad Posture: Bent Spine (Hunchback)
2025-06-10 10:26:37,Bad Posture: Bent Spine (Hunchback)
2025-06-10 10:26:38,Bad Posture: Bent Spine (Hunchback)
2025-06-10 10:26:38,Bad Posture: Bent Spine (Hunchback)
2025-06-10 10:26:38,Bad Posture: Bent Spine (Hunchback)
2025-06-10 10:26:38,Bad Posture: Bent Spine (Hunchback)
2025-06-10 10:26:38,Bad Posture: Bent Spine (Hunchback)
2025-06-10 10:26:38,Bad Posture: Bent Spine (Hunchback)
2025-06-10 10:26:38,Bad Posture: Bent Spine (Hunchback)
2025-06-10 10:26:38,Bad Posture: Bent Spine (Hunchback)
2025-06-10 10:26:38,Bad Posture: Bent Spine (Hunchback)
2025-06-10 10:26:38,Bad Posture: Bent Spine (Hunchback)
2025-06-10 10:26:38,Bad Posture: Bent Spine (Hunchback)
2025-06-10 10:26:38,Bad Posture: Bent Spine (Hunchback)
2025-06-10 10:26:38,Bad Posture: Bent Spine (Hunchback)
2025-06-10 10:26:38,Bad Posture: Bent Spine (Hunchback)
2025-06-10 10:26:39,Bad Posture: Bent Spine (Hunchback)
2025-06-10 10:26:39,Bad Posture: Bent Spine (Hunchback)
2025-06-10 10:26:39,Bad Posture: Bent Spine (Hunchback)
2025-06-10 10:26:39,Bad Posture: Bent Spine (Hunchback)
2025-06-10 10:26:39,Bad Posture: Bent Spine (Hunchback)
2025-06-10 10:26:39,Bad Posture: Bent Spine (Hunchback)
2025-06-10 10:26:39,Bad Posture: Bent Spine (Hunchback)
2025-06-10 10:26:39,Bad Posture: Bent Spine (Hunchback)
2025-06-10 10:26:39,Bad Posture: Bent Spine (Hunchback)
2025-06-10 10:26:39,Bad Posture: Bent Spine (Hunchback)
2025-06-10 10:26:39,Bad Posture: Bent Spine (Hunchback)
2025-06-10 10:26:39,Bad Posture: Bent Spine (Hunchback)
2025-06-10 10:26:39,Bad Posture: Bent Spine (Hunchback)
2025-06-10 10:26:39,Bad Posture: Bent Spine (Hunchback)
2025-06-10 10:26:40,Bad Posture: Bent Spine (Hunchback)
2025-06-10 10:26:40,Bad Posture: Bent Spine (Hunchback)
2025-06-10 10:26:40,Bad Posture: Bent Spine (Hunchback)
2025-06-10 10:26:40,Bad Posture: Bent Spine (Hunchback)
2025-06-10 10:26:40,Bad Posture: Bent Spine (Hunchback)
2025-06-10 10:26:40,Bad Posture: Bent Spine (Hunchback)
2025-06-10 10:26:40,Bad Posture: Bent Spine (Hunchback)
2025-06-10 10:26:40,Bad Posture: Bent Spine (Hunchback)
2025-06-10 10:26:40,Bad Posture: Bent Spine (Hunchback)
2025-06-10 10:26:40,Bad Posture: Bent Spine (Hunchback)
2025-06-10 10:26:40,Bad Posture: Bent Spine (Hunchback)
2025-06-10 10:26:40,Bad Posture: Bent Spine (Hunchback)
2025-06-10 10:26:40,Bad Posture: Bent Spine (Hunchback)
2025-06-10 10:26:40,Bad Posture: Bent Spine (Hunchback)
2025-06-10 10:26:40,Bad Posture: Bent Spine (Hunchback)
2025-06-10 10:26:40,Bad Posture: Bent Spine (Hunchback)
2025-06-10 10:26:41,Bad Posture: Bent Spine (Hunchback)
2025-06-10 10:26:41,Bad Posture: Bent Spine (Hunchback)
2025-06-10 10:26:41,Bad Posture: Bent Spine (Hunchback)
2025-06-10 10:26:41,Bad Posture: Bent Spine (Hunchback)
2025-06-10 10:26:41,Bad Posture: Bent Spine (Hunchback)
2025-06-10 10:26:41,Bad Posture: Bent Spine (Hunchback)
2025-06-10 10:26:41,Bad Posture: Bent Spine (Hunchback)
2025-06-10 10:26:41,Bad Posture: Bent Spine (Hunchback)
2025-06-10 10:26:41,Bad Posture: Bent Spine (Hunchback)
2025-06-10 10:26:41,Bad Posture: Bent Spine (Hunchback)
2025-06-10 10:26:41,Bad Posture: Bent Spine (Hunchback)
2025-06-10 10:26:41,Bad Posture: Bent Spine (Hunchback)
2025-06-10 10:26:41,Bad Posture: Bent Spine (Hunchback)
2025-06-10 10:26:41,Bad Posture: Bent Spine (Hunchback)
2025-06-10 10:26:42,Bad Posture: Bent Spine (Hunchback)
2025-06-10 10:26:42,Bad Posture: Bent Spine (Hunchback)
2025-06-10 10:26:42,Bad Posture: Bent Spine (Hunchback)
2025-06-10 10:26:42,Bad Posture: Bent Spine (Hunchback)
2025-06-10 10:26:42,Bad Posture: Bent Spine (Hunchback)
2025-06-10 10:26:42,Bad Posture: Bent Spine (Hunchback)
2025-06-10 10:26:42,Bad Posture: Bent Spine (Hunchback)
2025-06-10 10:26:42,Bad Posture: Bent Spine (Hunchback)
2025-06-10 10:26:42,Bad Posture: Bent Spine (Hunchback)
2025-06-10 10:26:42,Bad Posture: Bent Spine (Hunchback)
2025-06-10 10:26:42,Bad Posture: Bent Spine (Hunchback)
2025-06-10 10:26:42,Bad Posture: Bent Spine (Hunchback)
2025-06-10 10:26:42,Bad Posture: Bent Spine (Hunchback)
2025-06-10 10:26:42,Bad Posture: Bent Spine (Hunchback)
2025-06-10 10:26:43,Bad Posture: Bent Spine (Hunchback)
2025-06-10 10:26:43,Bad Posture: Bent Spine (Hunchback)
2025-06-10 10:26:43,Bad Posture: Bent Spine (Hunchback)
2025-06-10 10:26:43,Bad Posture: Bent Spine (Hunchback)
2025-06-10 10:26:43,Bad Posture: Bent Spine (Hunchback)
2025-06-10 10:26:43,Bad Posture: Bent Spine (Hunchback)
2025-06-10 10:26:43,Bad Posture: Bent Spine (Hunchback)
2025-06-10 10:26:43,Bad Posture: Bent Spine (Hunchback)
2025-06-10 10:26:43,Bad Posture: Bent Spine (Hunchback)
2025-06-10 10:26:43,Bad Posture: Bent Spine (Hunchback)
2025-06-10 10:26:43,Bad Posture: Bent Spine (Hunchback)
2025-06-10 10:26:43,Bad Posture: Bent Spine (Hunchback)
2025-06-10 10:26:44,Bad Posture: Bent Spine (Hunchback)
2025-06-10 10:26:44,Bad Posture: Bent Spine (Hunchback)
2025-06-10 10:26:44,Bad Posture: Bent Spine (Hunchback)
2025-06-10 10:26:44,Bad Posture: Bent Spine (Hunchback)
2025-06-10 10:26:44,Bad Posture: Bent Spine (Hunchback)
2025-06-10 10:26:44,Bad Posture: Bent Spine (Hunchback)
2025-06-10 10:26:44,Bad Posture: Bent Spine (Hunchback)
2025-06-10 10:26:44,Bad Posture: Bent Spine (Hunchback)
2025-06-10 10:26:44,Bad Posture: Bent Spine (Hunchback)
2025-06-10 10:26:44,Bad Posture: Bent Spine (Hunchback)
2025-06-10 10:26:44,Bad Posture: Bent Spine (Hunchback)
2025-06-10 10:26:44,Bad Posture: Bent Spine (Hunchback)
2025-06-10 10:26:44,Bad Posture: Bent Spine (Hunchback)
2025-06-10 10:26:44,Bad Posture: Bent Spine (Hunchback)
2025-06-10 10:26:45,Bad Posture: Bent Spine (Hunchback)
2025-06-10 10:26:45,Bad Posture: Bent Spine (Hunchback)
2025-06-10 10:26:45,Bad Posture: Bent Spine (Hunchback)
2025-06-10 10:26:45,Bad Posture: Bent Spine (Hunchback)
2025-06-10 10:26:45,Bad Posture: Bent Spine (Hunchback)
2025-06-10 10:26:45,Bad Posture: Bent Spine (Hunchback)
2025-06-10 10:26:45,Bad Posture: Bent Spine (Hunchback)
2025-06-10 10:26:45,Bad Posture: Bent Spine (Hunchback)
2025-06-10 10:26:45,Bad Posture: Bent Spine (Hunchback)
2025-06-10 10:26:45,Bad Posture: Bent Spine (Hunchback)
2025-06-10 10:26:45,Bad Posture: Bent Spine (Hunchback)
2025-06-10 10:26:45,Bad Posture: Bent Spine (Hunchback)
2025-06-10 10:26:45,Bad Posture: Bent Spine (Hunchback)
2025-06-10 10:26:46,Bad Posture: Bent Spine (Hunchback)
2025-06-10 10:26:46,Bad Posture: Bent Spine (Hunchback)
2025-06-10 10:26:46,Bad Posture: Bent Spine (Hunchback)
2025-06-10 10:26:46,Bad Posture: Bent Spine (Hunchback)
2025-06-10 10:26:46,Bad Posture: Bent Spine (Hunchback)
2025-06-10 10:26:46,Bad Posture: Bent Spine (Hunchback)
2025-06-10 10:26:46,Bad Posture: Bent Spine (Hunchback)
2025-06-10 10:26:46,Bad Posture: Bent Spine (Hunchback)
2025-06-10 10:26:46,Bad Posture: Bent Spine (Hunchback)
2025-06-10 10:26:46,Bad Posture: Bent Spine (Hunchback)
2025-06-10 10:26:46,Bad Posture: Bent Spine (Hunchback)
2025-06-10 10:26:46,Bad Posture: Bent Spine (Hunchback)
2025-06-10 10:26:46,Bad Posture: Bent Spine (Hunchback)
2025-06-10 10:26:47,Bad Posture: Bent Spine (Hunchback)
2025-06-10 10:26:47,Bad Posture: Bent Spine (Hunchback)
2025-06-10 10:26:47,Bad Posture: Bent Spine (Hunchback)
2025-06-10 10:26:47,Bad Posture: Bent Spine (Hunchback)
2025-06-10 10:26:47,Bad Posture: Bent Spine (Hunchback)
2025-06-10 10:26:47,Bad Posture: Bent Spine (Hunchback)
2025-06-10 10:26:47,Bad Posture: Bent Spine (Hunchback)
2025-06-10 10:26:47,Bad Posture: Bent Spine (Hunchback)
2025-06-10 10:26:47,Bad Posture: Bent Spine (Hunchback)
2025-06-10 10:26:47,Bad Posture: Bent Spine (Hunchback)
2025-06-10 10:26:47,Bad Posture: Bent Spine (Hunchback)
2025-06-10 10:26:47,Bad Posture: Bent Spine (Hunchback)
2025-06-10 10:26:47,Bad Posture: Bent Spine (Hunchback)
2025-06-10 10:26:48,Bad Posture: Bent Spine (Hunchback)
2025-06-10 10:26:48,Bad Posture: Bent Spine (Hunchback)
2025-06-10 10:26:48,Bad Posture: Bent Spine (Hunchback)
2025-06-10 10:26:48,Bad Posture: Bent Spine (Hunchback)
2025-06-10 10:26:48,Bad Posture: Bent Spine (Hunchback)
2025-06-10 10:26:48,Bad Posture: Bent Spine (Hunchback)
2025-06-10 10:26:48,Bad Posture: Bent Spine (Hunchback)
2025-06-10 10:26:48,Bad Posture: Bent Spine (Hunchback)
2025-06-10 10:26:48,Bad Posture: Bent Spine (Hunchback)
2025-06-10 10:26:48,Bad Posture: Bent Spine (Hunchback)
2025-06-10 10:26:48,Bad Posture: Bent Spine (Hunchback)
2025-06-10 10:26:48,Bad Posture: Bent Spine (Hunchback)
2025-06-10 10:26:48,Bad Posture: Bent Spine (Hunchback)
2025-06-10 10:26:48,Bad Posture: Bent Spine (Hunchback)
2025-06-10 10:26:48,Bad Posture: Bent Spine (Hunchback)
2025-06-10 10:26:49,Bad Posture: Bent Spine (Hunchback)
2025-06-10 10:26:49,Bad Posture: Bent Spine (Hunchback)
2025-06-10 10:26:49,Bad Posture: Bent Spine (Hunchback)
2025-06-10 10:26:49,Bad Posture: Bent Spine (Hunchback)
2025-06-10 10:26:49,Bad Posture: Bent Spine (Hunchback)
2025-06-10 10:26:49,Bad Posture: Bent Spine (Hunchback)
2025-06-10 10:26:49,Bad Posture: Bent Spine (Hunchback)
2025-06-10 10:26:49,Bad Posture: Bent Spine (Hunchback)
2025-06-10 10:26:49,Bad Posture: Bent Spine (Hunchback)
2025-06-10 10:26:49,Bad Posture: Bent Spine (Hunchback)
2025-06-10 10:26:49,Bad Posture: Bent Spine (Hunchback)
2025-06-10 10:26:49,Bad Posture: Bent Spine (Hunchback)
2025-06-10 10:26:49,Bad Posture: Bent Spine (Hunchback)
2025-06-10 10:26:50,Bad Posture: Bent Spine (Hunchback)
2025-06-10 10:26:50,Bad Posture: Bent Spine (Hunchback)
2025-06-10 10:26:50,Bad Posture: Bent Spine (Hunchback)
2025-06-10 10:26:50,Bad Posture: Bent Spine (Hunchback)
2025-06-10 10:26:50,Bad Posture: Bent Spine (Hunchback)
2025-06-10 10:26:50,Bad Posture: Bent Spine (Hunchback)
2025-06-10 10:26:50,Bad Posture: Bent Spine (Hunchback)
2025-06-10 10:26:50,Bad Posture: Bent Spine (Hunchback)
2025-06-10 10:26:50,Bad Posture: Bent Spine (Hunchback)
2025-06-10 10:26:50,Bad Posture: Bent Spine (Hunchback)
2025-06-10 10:26:50,Bad Posture: Bent Spine (Hunchback)
2025-06-10 10:26:50,Bad Posture: Bent Spine (Hunchback)
2025-06-10 10:26:50,Bad Posture: Bent Spine (Hunchback)
2025-06-10 10:26:50,Bad Posture: Bent Spine (Hunchback)
2025-06-10 10:26:50,Bad Posture: Bent Spine (Hunchback)
2025-06-10 10:26:51,Bad Posture: Bent Spine (Hunchback)
2025-06-10 10:26:51,Bad Posture: Bent Spine (Hunchback)
2025-06-10 10:26:51,Bad Posture: Bent Spine (Hunchback)
2025-06-10 10:26:51,Bad Posture: Bent Spine (Hunchback)
2025-06-10 10:26:51,Bad Posture: Bent Spine (Hunchback)
2025-06-10 10:26:51,Bad Posture: Bent Spine (Hunchback)
2025-06-10 10:26:51,Bad Posture: Bent Spine (Hunchback)
2025-06-10 10:26:51,Bad Posture: Bent Spine (Hunchback)
2025-06-10 10:26:51,Bad Posture: Bent Spine (Hunchback)
2025-06-10 10:26:51,Bad Posture: Bent Spine (Hunchback)
2025-06-10 10:26:51,Good Posture
2025-06-10 10:26:51,Good Posture
2025-06-10 10:26:51,Good Posture
2025-06-10 10:26:51,Good Posture
2025-06-10 10:26:52,Good Posture
2025-06-10 10:26:52,Good Posture
2025-06-10 10:26:52,Good Posture
2025-06-10 10:26:52,Good Posture
2025-06-10 10:26:52,Good Posture
2025-06-10 10:26:52,Bad Posture: Bent Spine (Hunchback)
2025-06-10 10:26:52,Bad Posture: Bent Spine (Hunchback)
2025-06-10 10:26:52,Bad Posture: Bent Spine (Hunchback)
2025-06-10 10:26:52,Bad Posture: Bent Spine (Hunchback)
2025-06-10 10:26:52,Bad Posture: Bent Spine (Hunchback)
2025-06-10 10:26:52,Bad Posture: Bent Spine (Hunchback)
2025-06-10 10:26:52,Bad Posture: Bent Spine (Hunchback)
2025-06-10 10:26:52,Bad Posture: Bent Spine (Hunchback)
2025-06-10 10:26:52,Bad Posture: Bent Spine (Hunchback)
2025-06-10 10:26:53,Bad Posture: Bent Spine (Hunchback)
2025-06-10 10:26:53,Bad Posture: Bent Spine (Hunchback)
2025-06-10 10:26:53,Bad Posture: Bent Spine (Hunchback)
2025-06-10 10:26:53,Good Posture
2025-06-10 10:26:53,Good Posture
2025-06-10 10:26:53,Bad Posture: Bent Spine (Hunchback)
2025-06-10 10:26:53,Bad Posture: Bent Spine (Hunchback)
2025-06-10 10:26:53,Bad Posture: Bent Spine (Hunchback)
2025-06-10 10:26:53,Bad Posture: Bent Spine (Hunchback)
2025-06-10 10:26:53,Bad Posture: Bent Spine (Hunchback)
2025-06-10 10:26:53,Bad Posture: Bent Spine (Hunchback)
2025-06-10 10:26:53,Bad Posture: Bent Spine (Hunchback)
2025-06-10 10:26:53,Bad Posture: Bent Spine (Hunchback)
2025-06-10 10:26:54,Bad Posture: Bent Spine (Hunchback)
2025-06-10 10:26:54,Bad Posture: Bent Spine (Hunchback)
2025-06-10 10:26:54,Bad Posture: Bent Spine (Hunchback)
2025-06-10 10:26:54,Bad Posture: Bent Spine (Hunchback)
2025-06-10 10:26:54,Bad Posture: Bent Spine (Hunchback)
2025-06-10 10:26:54,Bad Posture: Bent Spine (Hunchback)
2025-06-10 10:26:54,Bad Posture: Bent Spine (Hunchback)
2025-06-10 10:26:54,Bad Posture: Bent Spine (Hunchback)
2025-06-10 10:26:54,Bad Posture: Bent Spine (Hunchback)
2025-06-10 10:26:54,Bad Posture: Bent Spine (Hunchback)
2025-06-10 10:26:54,Bad Posture: Bent Spine (Hunchback)
2025-06-10 10:26:54,Bad Posture: Bent Spine (Hunchback)
2025-06-10 10:26:54,Bad Posture: Bent Spine (Hunchback)
2025-06-10 10:26:55,Bad Posture: Bent Spine (Hunchback)
2025-06-10 10:26:55,Bad Posture: Bent Spine (Hunchback)
2025-06-10 10:26:55,Bad Posture: Bent Spine (Hunchback)
2025-06-10 10:26:55,Bad Posture: Bent Spine (Hunchback)
2025-06-10 10:26:55,Bad Posture: Bent Spine (Hunchback)
2025-06-10 10:26:55,Bad Posture: Bent Spine (Hunchback)
2025-06-10 10:26:55,Bad Posture: Bent Spine (Hunchback)
2025-06-10 10:26:55,Bad Posture: Bent Spine (Hunchback)
2025-06-10 10:26:55,Bad Posture: Bent Spine (Hunchback)
2025-06-10 10:26:55,Bad Posture: Bent Spine (Hunchback)
2025-06-10 10:26:55,Bad Posture: Bent Spine (Hunchback)
2025-06-10 10:26:55,Bad Posture: Bent Spine (Hunchback)
2025-06-10 10:26:55,Bad Posture: Bent Spine (Hunchback)
2025-06-10 10:26:55,Bad Posture: Bent Spine (Hunchback)
2025-06-10 10:26:56,Bad Posture: Bent Spine (Hunchback)
2025-06-10 10:26:56,Bad Posture: Bent Spine (Hunchback)
2025-06-10 10:26:56,Bad Posture: Bent Spine (Hunchback)
2025-06-10 10:26:56,Bad Posture: Bent Spine (Hunchback)
2025-06-10 10:26:56,Bad Posture: Bent Spine (Hunchback)
2025-06-10 10:26:56,Bad Posture: Bent Spine (Hunchback)
2025-06-10 10:26:56,Bad Posture: Bent Spine (Hunchback)
2025-06-10 10:26:56,Bad Posture: Bent Spine (Hunchback)
2025-06-10 10:26:56,Bad Posture: Bent Spine (Hunchback)
2025-06-10 10:26:56,Bad Posture: Bent Spine (Hunchback)
2025-06-10 10:26:56,Bad Posture: Bent Spine (Hunchback)
2025-06-10 10:26:56,Bad Posture: Bent Spine (Hunchback)
2025-06-10 10:26:56,Bad Posture: Bent Spine (Hunchback)
2025-06-10 10:26:57,Bad Posture: Bent Spine (Hunchback)
2025-06-10 10:26:57,Bad Posture: Bent Spine (Hunchback)
2025-06-10 10:26:57,Bad Posture: Bent Spine (Hunchback)
2025-06-10 10:26:57,Bad Posture: Bent Spine (Hunchback)
2025-06-10 10:26:57,Bad Posture: Bent Spine (Hunchback)
2025-06-10 10:26:57,Bad Posture: Bent Spine (Hunchback)
2025-06-10 10:26:57,Bad Posture: Bent Spine (Hunchback)
2025-06-10 10:26:57,Bad Posture: Bent Spine (Hunchback)
2025-06-10 10:26:57,Bad Posture: Bent Spine (Hunchback)
2025-06-10 10:26:57,Bad Posture: Bent Spine (Hunchback)
2025-06-10 10:26:57,Bad Posture: Bent Spine (Hunchback)
2025-06-10 10:26:57,Bad Posture: Bent Spine (Hunchback)
2025-06-10 10:26:57,Bad Posture: Bent Spine (Hunchback)
2025-06-10 10:26:57,Bad Posture: Bent Spine (Hunchback)
2025-06-10 10:26:57,Bad Posture: Bent Spine (Hunchback)
2025-06-10 10:26:58,Bad Posture: Bent Spine (Hunchback)
2025-06-10 10:26:58,Bad Posture: Bent Spine (Hunchback)
2025-06-10 10:26:58,Bad Posture: Bent Spine (Hunchback)
2025-06-10 10:26:58,Bad Posture: Bent Spine (Hunchback)
2025-06-10 10:26:58,Bad Posture: Bent Spine (Hunchback)
2025-06-10 10:26:58,Bad Posture: Bent Spine (Hunchback)
2025-06-10 10:26:58,Bad Posture: Bent Spine (Hunchback)
2025-06-10 10:26:58,Bad Posture: Bent Spine (Hunchback)
2025-06-10 10:26:58,Bad Posture: Bent Spine (Hunchback)
2025-06-10 10:26:58,Bad Posture: Bent Spine (Hunchback)
2025-06-10 10:26:58,Bad Posture: Bent Spine (Hunchback)
2025-06-10 10:26:58,Bad Posture: Bent Spine (Hunchback)
2025-06-10 10:26:58,Bad Posture: Bent Spine (Hunchback)
2025-06-10 10:26:59,Bad Posture: Bent Spine (Hunchback)
2025-06-10 10:26:59,Good Posture
2025-06-10 10:26:59,Good Posture
2025-06-10 10:26:59,Good Posture
2025-06-10 10:26:59,Good Posture
2025-06-10 10:26:59,Good Posture
2025-06-10 10:26:59,Good Posture
2025-06-10 10:26:59,Good Posture
2025-06-10 10:26:59,Good Posture
2025-06-10 10:26:59,Good Posture
2025-06-10 10:26:59,Good Posture
2025-06-10 10:26:59,Good Posture
2025-06-10 10:26:59,Good Posture
2025-06-10 10:26:59,Good Posture
2025-06-10 10:27:00,Good Posture
2025-06-10 10:27:00,Good Posture
2025-06-10 10:27:00,Good Posture
2025-06-10 10:27:00,Good Posture
2025-06-10 10:27:00,Good Posture
2025-06-10 10:27:00,Good Posture
2025-06-10 10:27:00,Bad Posture: Bent Spine (Hunchback)
2025-06-10 10:27:00,Bad Posture: Bent Spine (Hunchback)
2025-06-10 10:27:00,Bad Posture: Bent Spine (Hunchback)
2025-06-10 10:27:00,Bad Posture: Bent Spine (Hunchback)
2025-06-10 10:27:00,Bad Posture: Bent Spine (Hunchback)
2025-06-10 10:27:00,Bad Posture: Bent Spine (Hunchback)
2025-06-10 10:27:00,Bad Posture: Bent Spine (Hunchback)
2025-06-10 10:27:01,Bad Posture: Bent Spine (Hunchback)
2025-06-10 10:27:01,Bad Posture: Bent Spine (Hunchback)
2025-06-10 10:27:01,Bad Posture: Bent Spine (Hunchback)
2025-06-10 10:27:01,Bad Posture: Bent Spine (Hunchback)
2025-06-10 10:27:01,Bad Posture: Bent Spine (Hunchback)
2025-06-10 10:27:01,Bad Posture: Bent Spine (Hunchback)
2025-06-10 10:27:01,Good Posture
2025-06-10 10:27:01,Good Posture
2025-06-10 10:27:01,Good Posture
2025-06-10 10:27:01,Bad Posture: Bent Spine (Hunchback)
2025-06-10 10:27:01,Bad Posture: Bent Spine (Hunchback)
2025-06-10 10:27:01,Bad Posture: Bent Spine (Hunchback)
2025-06-10 10:27:01,Bad Posture: Bent Spine (Hunchback)
2025-06-10 10:27:01,Bad Posture: Bent Spine (Hunchback)
2025-06-10 10:27:02,Bad Posture: Bent Spine (Hunchback)
2025-06-10 10:27:02,Bad Posture: Bent Spine (Hunchback)
2025-06-10 10:27:02,Bad Posture: Bent Spine (Hunchback)
2025-06-10 10:27:02,Bad Posture: Bent Spine (Hunchback)
2025-06-10 10:27:02,Bad Posture: Bent Spine (Hunchback)
2025-06-10 10:27:02,Bad Posture: Bent Spine (Hunchback)
2025-06-10 10:27:02,Bad Posture: Bent Spine (Hunchback)
2025-06-10 10:27:02,Bad Posture: Bent Spine (Hunchback)
2025-06-10 10:27:02,Bad Posture: Bent Spine (Hunchback)
2025-06-10 10:27:02,Bad Posture: Bent Spine (Hunchback)
2025-06-10 10:27:02,Bad Posture: Bent Spine (Hunchback)
2025-06-10 10:27:02,Bad Posture: Bent Spine (Hunchback)
2025-06-10 10:27:02,Bad Posture: Bent Spine (Hunchback)
2025-06-10 10:27:02,Bad Posture: Bent Spine (Hunchback)
2025-06-10 10:27:03,Bad Posture: Bent Spine (Hunchback)
2025-06-10 10:27:03,Good Posture
2025-06-10 10:27:03,Good Posture
2025-06-10 10:27:03,Good Posture
2025-06-10 10:27:03,Good Posture
2025-06-10 10:27:03,Good Posture
2025-06-10 10:27:03,Good Posture
2025-06-10 10:27:03,Good Posture
2025-06-10 10:27:03,Good Posture
2025-06-10 10:27:03,Good Posture
2025-06-10 10:27:03,Good Posture
2025-06-10 10:27:03,Good Posture
2025-06-10 10:27:03,Good Posture
2025-06-10 10:27:03,Good Posture
2025-06-10 10:27:04,Good Posture
2025-06-10 10:27:04,Good Posture
2025-06-10 10:27:04,Bad Posture: Bent Spine (Hunchback)
2025-06-10 10:27:04,Bad Posture: Bent Spine (Hunchback)
2025-06-10 10:27:04,Bad Posture: Bent Spine (Hunchback)
2025-06-10 10:27:04,Bad Posture: Bent Spine (Hunchback)
2025-06-10 10:27:04,Good Posture
2025-06-10 10:27:04,Good Posture
2025-06-10 10:27:04,Good Posture
2025-06-10 10:27:04,Good Posture
2025-06-10 10:27:04,Good Posture
2025-06-10 10:27:04,Good Posture
2025-06-10 10:27:04,Good Posture
2025-06-10 10:27:05,Good Posture
2025-06-10 10:27:05,Good Posture
2025-06-10 10:27:05,Good Posture
2025-06-10 10:27:05,Good Posture
2025-06-10 10:27:05,Good Posture
2025-06-10 10:27:05,Good Posture
2025-06-10 10:27:05,Good Posture
2025-06-10 10:27:05,Good Posture
2025-06-10 10:27:05,Good Posture
2025-06-10 10:27:05,Good Posture
2025-06-10 10:27:05,Good Posture
2025-06-10 10:27:05,Good Posture
2025-06-10 10:27:05,Bad Posture: Bent Spine (Hunchback)
2025-06-10 10:27:05,Bad Posture: Bent Spine (Hunchback)
2025-06-10 10:27:06,Bad Posture: Bent Spine (Hunchback)
2025-06-10 10:27:06,Bad Posture: Bent Spine (Hunchback)
2025-06-10 10:27:06,Bad Posture: Bent Spine (Hunchback)
2025-06-10 10:27:06,Bad Posture: Bent Spine (Hunchback)
2025-06-10 10:27:06,Bad Posture: Bent Spine (Hunchback)
2025-06-10 10:27:06,Bad Posture: Bent Spine (Hunchback)
2025-06-10 10:27:06,Bad Posture: Bent Spine (Hunchback)
2025-06-10 10:27:06,Bad Posture: Bent Spine (Hunchback)
2025-06-10 10:27:06,Bad Posture: Bent Spine (Hunchback)
2025-06-10 10:27:06,Bad Posture: Bent Spine (Hunchback)
2025-06-10 10:27:06,Bad Posture: Bent Spine (Hunchback)
2025-06-10 10:27:06,Bad Posture: Bent Spine (Hunchback)
2025-06-10 10:27:06,Bad Posture: Bent Spine (Hunchback)
2025-06-10 10:27:06,Bad Posture: Bent Spine (Hunchback)
2025-06-10 10:27:07,Bad Posture: Bent Spine (Hunchback)
2025-06-10 10:27:07,Bad Posture: Bent Spine (Hunchback)
2025-06-10 10:27:07,Bad Posture: Bent Spine (Hunchback)
2025-06-10 10:27:07,Good Posture
2025-06-10 10:27:07,Bad Posture: Bent Spine (Hunchback)
2025-06-10 10:27:07,Bad Posture: Bent Spine (Hunchback)
2025-06-10 10:27:07,Bad Posture: Bent Spine (Hunchback)
2025-06-10 10:27:07,Bad Posture: Bent Spine (Hunchback)
2025-06-10 10:27:07,Bad Posture: Bent Spine (Hunchback)
2025-06-10 10:27:07,Bad Posture: Bent Spine (Hunchback)
2025-06-10 10:27:07,Bad Posture: Bent Spine (Hunchback)
2025-06-10 10:27:07,Bad Posture: Bent Spine (Hunchback)
2025-06-10 10:27:07,Bad Posture: Bent Spine (Hunchback)
2025-06-10 10:27:07,Bad Posture: Bent Spine (Hunchback)
2025-06-10 10:27:08,Bad Posture: Bent Spine (Hunchback)
2025-06-10 10:27:08,Bad Posture: Bent Spine (Hunchback)
2025-06-10 10:27:08,Bad Posture: Bent Spine (Hunchback)
2025-06-10 10:27:08,Bad Posture: Bent Spine (Hunchback)
2025-06-10 10:27:08,Bad Posture: Bent Spine (Hunchback)
2025-06-10 10:27:08,Bad Posture: Bent Spine (Hunchback)
2025-06-10 10:27:08,Bad Posture: Bent Spine (Hunchback)
2025-06-10 10:27:08,Bad Posture: Bent Spine (Hunchback)
2025-06-10 10:27:08,Bad Posture: Bent Spine (Hunchback)
2025-06-10 10:27:08,Bad Posture: Bent Spine (Hunchback)
2025-06-10 10:27:08,Bad Posture: Bent Spine (Hunchback)
2025-06-10 10:27:08,Bad Posture: Bent Spine (Hunchback)
2025-06-10 10:27:08,Bad Posture: Bent Spine (Hunchback)
2025-06-10 10:27:09,Bad Posture: Bent Spine (Hunchback)
2025-06-10 10:27:09,Bad Posture: Bent Spine (Hunchback)
2025-06-10 10:27:09,Bad Posture: Bent Spine (Hunchback)
2025-06-10 10:27:09,Bad Posture: Bent Spine (Hunchback)
2025-06-10 10:27:09,Bad Posture: Bent Spine (Hunchback)
2025-06-10 10:27:09,Bad Posture: Bent Spine (Hunchback)
2025-06-10 10:27:09,Bad Posture: Bent Spine (Hunchback)
2025-06-10 10:27:09,Bad Posture: Bent Spine (Hunchback)
2025-06-10 10:27:09,Bad Posture: Bent Spine (Hunchback)
2025-06-10 10:27:09,Bad Posture: Bent Spine (Hunchback)
2025-06-10 10:27:09,Bad Posture: Bent Spine (Hunchback)
2025-06-10 10:27:09,Bad Posture: Bent Spine (Hunchback)
2025-06-10 10:27:09,Bad Posture: Bent Spine (Hunchback)
2025-06-10 10:27:09,Bad Posture: Bent Spine (Hunchback)
2025-06-10 10:27:10,Bad Posture: Bent Spine (Hunchback)
2025-06-10 10:27:10,Bad Posture: Bent Spine (Hunchback)
2025-06-10 10:27:10,Bad Posture: Bent Spine (Hunchback)
2025-06-10 10:27:10,Bad Posture: Bent Spine (Hunchback)
2025-06-10 10:27:10,Bad Posture: Bent Spine (Hunchback)
2025-06-10 10:27:10,Bad Posture: Bent Spine (Hunchback)
2025-06-10 10:27:10,Bad Posture: Bent Spine (Hunchback)
2025-06-10 10:27:10,Bad Posture: Bent Spine (Hunchback)
2025-06-10 10:27:10,Bad Posture: Bent Spine (Hunchback)
2025-06-10 10:27:10,Bad Posture: Bent Spine (Hunchback)
2025-06-10 10:27:10,Bad Posture: Bent Spine (Hunchback)
2025-06-10 10:27:10,Bad Posture: Bent Spine (Hunchback)
2025-06-10 10:27:10,Bad Posture: Bent Spine (Hunchback)
2025-06-10 10:27:10,Bad Posture: Bent Spine (Hunchback)
2025-06-10 10:27:10,Bad Posture: Bent Spine (Hunchback)
2025-06-10 10:27:11,Bad Posture: Bent Spine (Hunchback)
2025-06-10 10:27:11,Bad Posture: Bent Spine (Hunchback)
2025-06-10 10:27:11,Bad Posture: Bent Spine (Hunchback)
2025-06-10 10:27:11,Bad Posture: Bent Spine (Hunchback)
2025-06-10 10:27:11,Bad Posture: Bent Spine (Hunchback)
2025-06-10 10:27:11,Bad Posture: Bent Spine (Hunchback)
2025-06-10 10:27:11,Bad Posture: Bent Spine (Hunchback)
2025-06-10 10:27:11,Bad Posture: Bent Spine (Hunchback)
2025-06-10 10:27:11,Bad Posture: Bent Spine (Hunchback)
2025-06-10 10:27:11,Bad Posture: Bent Spine (Hunchback)
2025-06-10 10:27:11,Bad Posture: Bent Spine (Hunchback)
2025-06-10 10:27:11,Bad Posture: Bent Spine (Hunchback)
2025-06-10 10:27:11,Bad Posture: Bent Spine (Hunchback)
2025-06-10 10:27:12,Bad Posture: Bent Spine (Hunchback)
2025-06-10 10:27:12,Bad Posture: Bent Spine (Hunchback)
2025-06-10 10:27:12,Bad Posture: Bent Spine (Hunchback)
2025-06-10 10:27:12,Bad Posture: Bent Spine (Hunchback)
2025-06-10 10:27:12,Bad Posture: Bent Spine (Hunchback)
2025-06-10 10:27:12,Bad Posture: Bent Spine (Hunchback)
2025-06-10 10:27:12,Bad Posture: Bent Spine (Hunchback)
2025-06-10 10:27:12,Bad Posture: Bent Spine (Hunchback)
2025-06-10 10:27:12,Bad Posture: Bent Spine (Hunchback)
2025-06-10 10:27:12,Bad Posture: Bent Spine (Hunchback)
2025-06-10 10:27:12,Bad Posture: Bent Spine (Hunchback)
2025-06-10 10:27:12,Bad Posture: Bent Spine (Hunchback)
2025-06-10 10:27:12,Bad Posture: Bent Spine (Hunchback)
2025-06-10 10:27:12,Bad Posture: Bent Spine (Hunchback)
2025-06-10 10:27:12,Bad Posture: Bent Spine (Hunchback)
2025-06-10 10:27:13,Bad Posture: Bent Spine (Hunchback)
2025-06-10 10:27:13,Bad Posture: Bent Spine (Hunchback)
2025-06-10 10:27:13,Bad Posture: Bent Spine (Hunchback)
2025-06-10 10:27:13,Bad Posture: Bent Spine (Hunchback)
2025-06-10 10:27:13,Bad Posture: Bent Spine (Hunchback)
2025-06-10 10:27:13,Bad Posture: Bent Spine (Hunchback)
2025-06-10 10:27:13,Bad Posture: Bent Spine (Hunchback)
2025-06-10 10:27:13,Bad Posture: Bent Spine (Hunchback)
2025-06-10 10:27:13,Bad Posture: Bent Spine (Hunchback)
2025-06-10 10:27:13,Bad Posture: Bent Spine (Hunchback)
2025-06-10 10:27:13,Bad Posture: Bent Spine (Hunchback)
2025-06-10 10:27:13,Bad Posture: Bent Spine (Hunchback)
2025-06-10 10:27:13,Bad Posture: Bent Spine (Hunchback)
2025-06-10 10:27:13,Bad Posture: Bent Spine (Hunchback)
2025-06-10 10:27:14,Bad Posture: Bent Spine (Hunchback)
2025-06-10 10:27:14,Bad Posture: Bent Spine (Hunchback)
2025-06-10 10:27:14,Bad Posture: Bent Spine (Hunchback)
2025-06-10 10:27:14,Bad Posture: Bent Spine (Hunchback)
2025-06-10 10:27:14,Bad Posture: Bent Spine (Hunchback)
2025-06-10 10:27:14,Bad Posture: Bent Spine (Hunchback)
2025-06-10 10:27:14,Bad Posture: Bent Spine (Hunchback)
2025-06-10 10:27:14,Bad Posture: Bent Spine (Hunchback)
2025-06-10 10:27:14,Bad Posture: Bent Spine (Hunchback)
2025-06-10 10:27:14,Bad Posture: Bent Spine (Hunchback)
2025-06-10 10:27:14,Bad Posture: Bent Spine (Hunchback)
2025-06-10 10:27:14,Bad Posture: Bent Spine (Hunchback)
2025-06-10 10:27:14,Bad Posture: Bent Spine (Hunchback)
2025-06-10 10:27:15,Bad Posture: Bent Spine (Hunchback)
2025-06-10 10:27:15,Bad Posture: Bent Spine (Hunchback)
2025-06-10 10:27:15,Bad Posture: Bent Spine (Hunchback)
2025-06-10 10:27:15,Bad Posture: Bent Spine (Hunchback)
2025-06-10 10:27:15,Bad Posture: Bent Spine (Hunchback)
2025-06-10 10:27:15,Bad Posture: Bent Spine (Hunchback)
2025-06-10 10:27:15,Bad Posture: Bent Spine (Hunchback)
2025-06-10 10:27:15,Bad Posture: Bent Spine (Hunchback)
2025-06-10 10:27:15,Bad Posture: Bent Spine (Hunchback)
2025-06-10 10:27:15,Bad Posture: Bent Spine (Hunchback)
2025-06-10 10:27:15,Bad Posture: Bent Spine (Hunchback)
2025-06-10 10:27:15,Bad Posture: Bent Spine (Hunchback)
2025-06-10 10:27:15,Bad Posture: Bent Spine (Hunchback)
2025-06-10 10:27:16,Bad Posture: Bent Spine (Hunchback)
2025-06-10 10:27:16,Bad Posture: Bent Spine (Hunchback)
2025-06-10 10:27:16,Bad Posture: Bent Spine (Hunchback)
2025-06-10 10:27:16,Bad Posture: Bent Spine (Hunchback)
2025-06-10 10:27:16,Bad Posture: Bent Spine (Hunchback)
2025-06-10 10:27:16,Bad Posture: Bent Spine (Hunchback)
2025-06-10 10:27:16,Bad Posture: Bent Spine (Hunchback)
2025-06-10 10:27:16,Bad Posture: Bent Spine (Hunchback)
2025-06-10 10:27:16,Bad Posture: Bent Spine (Hunchback)
2025-06-10 10:27:16,Bad Posture: Bent Spine (Hunchback)
2025-06-10 10:27:16,Bad Posture: Bent Spine (Hunchback)
2025-06-10 10:27:16,Bad Posture: Bent Spine (Hunchback)
2025-06-10 10:27:16,Bad Posture: Bent Spine (Hunchback)
2025-06-10 10:27:16,Bad Posture: Bent Spine (Hunchback)
2025-06-10 10:27:17,Bad Posture: Bent Spine (Hunchback)
2025-06-10 10:27:17,Bad Posture: Bent Spine (Hunchback)
2025-06-10 10:27:17,Bad Posture: Bent Spine (Hunchback)
2025-06-10 10:27:17,Bad Posture: Bent Spine (Hunchback)
2025-06-10 10:27:17,Bad Posture: Bent Spine (Hunchback)
2025-06-10 10:27:17,Bad Posture: Bent Spine (Hunchback)
2025-06-10 10:27:17,Good Posture
2025-06-10 10:27:17,Good Posture
2025-06-10 10:27:17,Good Posture
2025-06-10 10:27:17,Good Posture
2025-06-10 10:27:17,Good Posture
2025-06-10 10:27:17,Good Posture
2025-06-10 10:27:17,Good Posture
2025-06-10 10:27:17,Good Posture
2025-06-10 10:27:18,Bad Posture: Bent Spine (Hunchback)
2025-06-10 10:27:18,Good Posture
2025-06-10 10:27:18,Good Posture
2025-06-10 10:27:18,Good Posture
2025-06-10 10:27:18,Good Posture
2025-06-10 10:27:18,Good Posture
2025-06-10 10:27:18,Good Posture
2025-06-10 10:27:18,Good Posture
2025-06-10 10:27:18,Good Posture
2025-06-10 10:27:18,Good Posture
2025-06-10 10:27:18,Good Posture
2025-06-10 10:27:18,Good Posture
2025-06-10 10:27:18,Good Posture
2025-06-10 10:27:18,Good Posture
2025-06-10 10:27:19,Bad Posture: Bent Spine (Hunchback)
2025-06-10 10:27:19,Bad Posture: Bent Spine (Hunchback)
2025-06-10 10:27:19,Bad Posture: Bent Spine (Hunchback)
2025-06-10 10:27:19,Bad Posture: Bent Spine (Hunchback)
2025-06-10 10:27:19,Bad Posture: Bent Spine (Hunchback)
2025-06-10 10:27:19,Bad Posture: Bent Spine (Hunchback)
2025-06-10 10:27:19,Bad Posture: Bent Spine (Hunchback)
2025-06-10 10:27:19,Bad Posture: Bent Spine (Hunchback)
2025-06-10 10:27:19,Bad Posture: Bent Spine (Hunchback)
2025-06-10 10:27:19,Bad Posture: Bent Spine (Hunchback)
2025-06-10 10:27:19,Bad Posture: Bent Spine (Hunchback)
2025-06-10 10:27:19,Bad Posture: Bent Spine (Hunchback)
2025-06-10 10:27:19,Bad Posture: Bent Spine (Hunchback)
2025-06-10 10:27:20,Bad Posture: Bent Spine (Hunchback)
2025-06-10 10:27:20,Bad Posture: Bent Spine (Hunchback)
2025-06-10 10:27:20,Bad Posture: Bent Spine (Hunchback)
2025-06-10 10:27:20,Bad Posture: Bent Spine (Hunchback)
2025-06-10 10:27:20,Bad Posture: Bent Spine (Hunchback)
2025-06-10 10:27:20,Bad Posture: Bent Spine (Hunchback)
2025-06-10 10:27:20,Bad Posture: Bent Spine (Hunchback)
2025-06-10 10:27:20,Bad Posture: Bent Spine (Hunchback)
2025-06-10 10:27:20,Bad Posture: Bent Spine (Hunchback)
2025-06-10 10:27:20,Bad Posture: Bent Spine (Hunchback)
2025-06-10 10:27:20,Bad Posture: Bent Spine (Hunchback)
2025-06-10 10:27:20,Bad Posture: Bent Spine (Hunchback)
2025-06-10 10:27:20,Bad Posture: Bent Spine (Hunchback)
2025-06-10 10:27:20,Bad Posture: Bent Spine (Hunchback)
2025-06-10 10:27:21,Bad Posture: Bent Spine (Hunchback)
2025-06-10 10:27:21,Bad Posture: Bent Spine (Hunchback)
2025-06-10 10:27:21,Bad Posture: Bent Spine (Hunchback)
2025-06-10 10:27:21,Bad Posture: Bent Spine (Hunchback)
2025-06-10 10:27:21,Bad Posture: Bent Spine (Hunchback)
2025-06-10 10:27:21,Bad Posture: Bent Spine (Hunchback)
2025-06-10 10:27:21,Bad Posture: Bent Spine (Hunchback)
2025-06-10 10:27:21,Bad Posture: Bent Spine (Hunchback)
2025-06-10 10:27:21,Bad Posture: Bent Spine (Hunchback)
2025-06-10 10:27:21,Bad Posture: Bent Spine (Hunchback)
2025-06-10 10:27:21,Bad Posture: Bent Spine (Hunchback)
2025-06-10 10:27:21,Bad Posture: Bent Spine (Hunchback)
2025-06-10 10:27:21,Bad Posture: Bent Spine (Hunchback)
2025-06-10 10:27:21,Bad Posture: Bent Spine (Hunchback)
2025-06-10 10:27:22,Bad Posture: Bent Spine (Hunchback)
2025-06-10 10:27:22,Bad Posture: Bent Spine (Hunchback)
2025-06-10 10:27:22,Bad Posture: Bent Spine (Hunchback)
2025-06-10 10:27:22,Bad Posture: Bent Spine (Hunchback)
2025-06-10 10:27:22,Bad Posture: Bent Spine (Hunchback)
2025-06-10 10:27:22,Bad Posture: Bent Spine (Hunchback)
2025-06-10 10:27:22,Bad Posture: Bent Spine (Hunchback)
2025-06-10 10:27:22,Bad Posture: Bent Spine (Hunchback)
2025-06-10 10:27:22,Bad Posture: Bent Spine (Hunchback)
2025-06-10 10:27:22,Bad Posture: Bent Spine (Hunchback)
2025-06-10 10:27:22,Bad Posture: Bent Spine (Hunchback)
2025-06-10 10:27:22,Bad Posture: Bent Spine (Hunchback)
2025-06-10 10:27:22,Bad Posture: Bent Spine (Hunchback)
2025-06-10 10:27:22,Bad Posture: Bent Spine (Hunchback)
2025-06-10 10:27:22,Bad Posture: Bent Spine (Hunchback)
2025-06-10 10:27:23,Bad Posture: Bent Spine (Hunchback)
2025-06-10 10:27:23,Bad Posture: Bent Spine (Hunchback)
2025-06-10 10:27:23,Bad Posture: Bent Spine (Hunchback)
2025-06-10 10:27:23,Bad Posture: Bent Spine (Hunchback)
2025-06-10 10:27:23,Bad Posture: Bent Spine (Hunchback)
2025-06-10 10:27:23,Bad Posture: Bent Spine (Hunchback)
2025-06-10 10:27:23,Bad Posture: Bent Spine (Hunchback)
2025-06-10 10:27:23,Bad Posture: Bent Spine (Hunchback)
2025-06-10 10:27:23,Bad Posture: Bent Spine (Hunchback)
2025-06-10 10:27:23,Bad Posture: Bent Spine (Hunchback)
2025-06-10 10:27:23,Bad Posture: Bent Spine (Hunchback)
2025-06-10 10:27:23,Bad Posture: Bent Spine (Hunchback)
2025-06-10 10:27:23,Bad Posture: Bent Spine (Hunchback)
2025-06-10 10:27:23,Bad Posture: Bent Spine (Hunchback)
2025-06-10 10:27:24,Bad Posture: Bent Spine (Hunchback)
2025-06-10 10:27:24,Bad Posture: Bent Spine (Hunchback)
2025-06-10 10:27:24,Bad Posture: Bent Spine (Hunchback)
2025-06-10 10:27:24,Bad Posture: Bent Spine (Hunchback)
2025-06-10 10:27:24,Bad Posture: Bent Spine (Hunchback)
2025-06-10 10:27:24,Bad Posture: Bent Spine (Hunchback)
2025-06-10 10:27:24,Good Posture
2025-06-10 10:27:24,Good Posture
2025-06-10 10:27:24,Good Posture
2025-06-10 10:27:24,Good Posture
2025-06-10 10:27:24,Good Posture
2025-06-10 10:27:24,Good Posture
2025-06-10 10:27:24,Good Posture
2025-06-10 10:27:25,Bad Posture: Bent Spine (Hunchback)
2025-06-10 10:27:25,Bad Posture: Bent Spine (Hunchback)
2025-06-10 10:27:25,Bad Posture: Bent Spine (Hunchback)
2025-06-10 10:27:25,Bad Posture: Bent Spine (Hunchback)
2025-06-10 10:27:25,Bad Posture: Bent Spine (Hunchback)
2025-06-10 10:27:25,Bad Posture: Bent Spine (Hunchback)
2025-06-10 10:27:25,Bad Posture: Bent Spine (Hunchback)
2025-06-10 10:27:25,Bad Posture: Bent Spine (Hunchback)
2025-06-10 10:27:25,Bad Posture: Bent Spine (Hunchback)
2025-06-10 10:27:25,Bad Posture: Bent Spine (Hunchback)
2025-06-10 10:27:25,Bad Posture: Bent Spine (Hunchback)
2025-06-10 10:27:25,Bad Posture: Bent Spine (Hunchback)
2025-06-10 10:27:26,Bad Posture: Bent Spine (Hunchback)
2025-06-10 10:27:26,Bad Posture: Bent Spine (Hunchback)
2025-06-10 10:27:26,Bad Posture: Bent Spine (Hunchback)
